temperature,rainfall,humidity,soil_ph,soil_moisture,soil_nutrients,soil_type,crop,yield
27.483570765056164,79.74465175076855,47.04759592552599,5.385918641766913,29.669747362804394,39.82257904269167,Sandy,Rice,3.3591475199102874
24.308678494144075,95.66443987853447,59.53194766591374,5.86906916626221,24.963497396244037,45.41750805419521,Clay,Corn,7.3028539595272575
28.23844269050346,76.22740237000116,60.2702530806667,5.557939816425755,28.27625042546338,41.03928408432286,Clay,Corn,7.9226870949175305
32.61514928204013,90.76115411082878,67.08945518765108,5.952004181258863,37.147317275176995,51.65627070419179,Sandy,Soybean,2.2020135835219556
23.829233126383322,43.19155999138643,39.4971245507876,6.285849689288812,42.77856655030514,67.95767797192869,Loam,Corn,8.880959690385904
23.8293152152541,106.39881122118815,68.88850910770996,7.337154486331384,35.70487330863573,38.43436764288193,Silt,Soybean,2.708914230711509
32.896064077536955,100.03616426086673,20.0,6.178840961294298,31.017232084717698,65.01230746652621,Clay,Wheat,4.592355541882154
28.837173645764544,75.48734106795428,50.551731714542846,4.9143742932304075,44.98011770304427,38.274918914796686,Clay,Rice,4.179338617205056
22.65262807032524,119.77737005297215,52.67589236322683,7.64006784649516,26.871635269484777,37.28559181254674,Clay,Corn,7.819668338746094
27.712800217929825,128.12710412879676,69.49990239106857,5.66290986638496,40.30919338366907,62.2789192751482,Loam,Corn,9.600153678437831
22.682911535937688,51.773204068930774,60.339462790153036,6.441279572895371,27.119372016487212,63.829045670114255,Sandy,Rice,2.9600348185905796
22.671351232148716,77.11825664301358,38.9165541921557,6.946536506940712,34.31022958010893,62.771149051439814,Sandy,Wheat,3.3905200112653207
26.20981135783017,76.92572950638106,45.225103112744776,6.6996104184027825,28.864374352095485,30.263038876727883,Loam,Wheat,4.862523710234214
15.43359877671101,71.80290696673406,62.98020014321111,7.594179547521476,29.441478173471893,43.01073532891924,Clay,Wheat,3.241651613194349
16.375410837434835,124.88424525795246,58.813989872031655,6.979003143392759,26.2261348253779,62.34482888004982,Loam,Wheat,4.245230594684289
22.188562353795135,94.1852158368159,51.313138355463806,5.638690420302892,43.448540311806944,50.62312760845842,Loam,Wheat,4.872109751454727
19.93584439832788,92.06455476068167,52.78749315732031,8.678562173991661,22.67073961891465,33.89460730703804,Sandy,Soybean,1.3621765765966412
26.571236662976368,39.884129067797396,70.44251995738934,6.694333463338233,22.597677474512917,56.87476908688163,Loam,Corn,10.182036044092111
20.459879622393945,119.0625409062768,52.23461140696178,6.352659773378494,51.209935658451094,39.27789111512794,Loam,Corn,9.06468593228116
17.938481493323543,62.82224815439582,58.6786313395639,7.463925423055571,39.77847564654331,76.91787272588319,Clay,Corn,8.181581553497468
32.32824384460777,101.79797890798984,92.54904882120815,6.749450945930072,10.0,73.17262193627388,Silt,Soybean,3.909073870287437
23.871118497567323,108.32130813874575,38.64476044674116,6.8992281929393275,24.347412607895965,59.06146139533351,Clay,Rice,4.057417485458036
25.33764102343962,140.81975787515952,32.22235902638012,8.992183998600687,11.880106624379458,70.4151005715466,Sandy,Wheat,2.0838543238139438
17.87625906893272,60.73538802642664,71.7538449719791,6.224878571744953,20.493093065847447,50.97187025185072,Silt,Rice,2.884387211630977
22.278086377374088,10.0,49.82035408058845,6.182239105982604,10.0,61.481562415625234,Clay,Wheat,4.424583229963502
25.55461294854933,105.51548634261084,55.226437083860695,6.616578512012464,28.630104223060577,72.16580442953112,Loam,Wheat,4.828261881044694
19.245032112888488,154.0153354453256,48.28265432803329,7.571515935581038,18.580581808386885,53.68248022691469,Loam,Rice,4.074156702105308
26.87849009172836,137.16839058818312,56.10299788848731,4.993465969809601,30.599052567964385,46.172192427285744,Silt,Corn,8.07421537760135
21.996806550405974,106.28978245823878,83.97807168144512,4.534444108523495,13.748787411174753,24.43067062734326,Silt,Soybean,1.7740361660726622
23.541531251033618,85.25091443103858,72.0319268792718,5.9128847293798525,30.8291185317204,48.75299711417759,Loam,Rice,4.328882575691298
21.991466938853016,124.21367789911932,72.93335267830466,4.866077040940713,25.850837218796727,62.35134776843467,Sandy,Corn,7.318048622144614
34.26139092254469,70.79361400886594,38.75659416311032,6.075168652474361,45.01952965188596,64.18450141351444,Clay,Wheat,3.306714335389949
24.93251387631033,114.29073308068658,42.73269395170696,7.0024996961292905,44.11356861745625,57.565475985776146,Loam,Corn,9.86648446300677
19.711445355220498,115.1641047749988,20.0,5.609251136447736,37.85345603010283,41.880513575566404,Clay,Wheat,3.1120269370142495
29.112724560515943,131.80629722496639,47.859287683758694,5.073173423218657,26.733862193387875,20.347676465786144,Clay,Wheat,1.2075650780449072
18.895781750144888,182.7898011673323,74.35054779578488,6.569337161715348,49.85380395260293,42.571773529928976,Clay,Corn,6.626172603290017
26.044317975023777,111.77247901536302,67.75419773622556,7.36254348461517,14.469647221601793,45.43482693419073,Clay,Wheat,3.897726601157763
15.201649380601122,84.73109122877504,56.67730105571814,4.805026561483388,15.964413704363373,45.306065492149784,Sandy,Soybean,1.4051711798217814
18.359069755507846,99.23277063424017,59.665495744229204,7.3202323983059845,29.162169001109355,59.278345354668865,Sandy,Corn,6.331095543753965
25.984306179345616,46.92772285332645,49.66671686136892,7.317306203738326,52.540381089211195,79.7851461652226,Sandy,Rice,3.1007814808828456
28.692332899977053,79.15860606732825,63.07138323602676,7.454085102156628,27.976610931299124,51.852938027616396,Loam,Wheat,3.1923850061712917
25.85684140594985,87.72152685660689,71.48817419220921,7.718480214871686,28.16754756790718,46.749023162653074,Loam,Wheat,4.153319303274162
24.421758588058797,84.27734806196223,35.761698188842914,8.702013924659616,15.580896438881908,46.111672804938614,Loam,Soybean,3.011820188670522
23.494481522053555,104.57064616101167,64.49471531756022,6.143907951380945,39.45929585270378,51.86577150361571,Sandy,Soybean,3.934559562463041
17.607390048162863,75.32740202853398,73.98652306432001,6.6095715800778585,39.53176254329354,37.57559359477402,Clay,Rice,4.38221727277379
21.400778958026457,133.63092001973413,53.773495665549454,6.083561566751975,37.8907520139991,51.802978381190826,Sandy,Wheat,3.077143664566438
22.696806145201062,100.0062119475459,70.51050918180876,6.501976844755811,23.707793271526377,56.762185044976995,Loam,Rice,5.894225657197366
30.285611131094576,99.72099036584157,100.0,8.032873355636312,22.93293231626994,53.14529095361732,Silt,Rice,4.606816210351612
26.71809144784231,90.16315850461247,58.43485810519662,5.154985516069331,17.068777495950297,56.86312901007172,Loam,Wheat,4.869529923365931
16.18479922318633,104.65572051576937,65.89960575007986,5.638950327834425,30.838725017609335,56.50621414022803,Clay,Rice,4.439143922224299
26.620419846973974,124.75294794002905,48.92914374507913,7.877180936504561,19.195926707214984,23.421549766303343,Sandy,Rice,3.5300583374312686
23.074588597918417,73.986093528673,62.718767439030756,7.520036506902089,18.225834947507114,59.553052375931046,Silt,Soybean,3.228559981584324
21.615389998470206,80.2565053277423,66.90407437473456,6.136868353182922,25.763092830893243,39.934777315063194,Silt,Soybean,3.703658919647072
28.05838144420434,90.88821913670006,62.92263510405207,7.35440200112072,25.10843824815784,33.562412554940636,Clay,Rice,4.748556509882811
30.154997612479754,59.62387229580355,44.70457020436715,6.8412158424920335,24.62021471178045,33.433222582175055,Sandy,Wheat,3.2960832925497785
29.656400595580994,75.42226420835507,63.09542656988176,8.000274609000988,34.66444596840261,56.50312415708794,Silt,Soybean,1.6716837980372796
20.803912383886807,85.71337379366022,81.93293908076456,6.574509593826773,30.790478021502793,46.661376091627204,Loam,Rice,5.244165867876219
23.453938120743928,126.23167542138182,66.7295364677179,7.525632113872582,27.118439694888824,24.77046824021884,Clay,Corn,7.207952933387967
26.65631715701782,107.87683987005775,74.42980783607761,9.0,31.83012928311482,57.17056722788425,Silt,Corn,8.51600045277404
29.877725635611796,105.80769734102633,56.444820449810585,7.098099155047466,20.084729588953678,28.40587803801759,Clay,Rice,5.588116863802976
22.60412881077355,125.52693886503917,71.24850359135566,6.549328165794844,31.05278623909678,52.097320377773165,Sandy,Corn,6.96274783972975
24.071705116680914,95.8788463480181,64.1890175732479,7.222446985220979,31.506024928446337,53.57748388509581,Sandy,Soybean,3.7631535531376583
19.46832512996986,111.71394549786669,45.73633905469152,6.134719141796115,14.969531406425194,63.28365622542567,Sandy,Wheat,4.354872487637867
19.018966879596647,96.90334741202511,64.77781507198311,8.887967705524732,39.95693754370362,76.72527179700278,Loam,Rice,4.184044343084189
29.062629111970992,107.96087048198885,45.12455004839534,6.680071037695981,21.185662947730044,29.529855111491877,Silt,Soybean,4.350656853580787
31.781200142854114,82.51724027165254,50.50679587672812,6.227066679774487,30.90309799206435,49.212892159054256,Sandy,Wheat,2.856780005154469
24.63994939209833,26.835485251707127,62.83992460938561,5.664310994979964,41.6441174053527,45.85497057433674,Loam,Corn,8.387245283379043
30.01766448946012,95.97162513441087,64.45866410070187,7.597220191606438,39.256767577138696,56.50624528941444,Sandy,Corn,7.1705329653563625
26.80818012523817,142.6824440829982,42.161513023843064,7.367187412827739,30.343333885688356,53.23503156400428,Sandy,Corn,6.664125157932901
21.77440122697438,127.78646206724777,75.80978656774315,6.002645628585907,26.375009971179313,44.7118063589507,Silt,Corn,7.987804331394376
26.80697802754207,128.96192453773511,68.5800941745071,7.076451345122423,39.47511908575567,43.386467170837165,Loam,Soybean,4.382195290610874
32.690182832329846,137.08392165418653,49.429073465836744,4.991444031787143,36.7469497780862,33.25323717223929,Sandy,Soybean,1.6393657824483985
24.820869804450243,102.65972772884312,36.93622805326237,6.684970575073156,23.8163497995587,64.81792373609764,Loam,Wheat,3.9274461239102583
32.82321827907003,105.91947122216787,57.82643131377853,6.952756352076695,22.051063529983097,56.88806272399294,Loam,Rice,6.1820145983360515
11.901274479551278,81.4704431369695,53.3108442920826,8.207329809559223,10.0,63.766522966927056,Sandy,Wheat,2.2245901592570005
29.10951252187612,90.5178143191885,61.69710685579534,5.729181197271311,31.540318416835873,45.344057952867296,Sandy,Rice,4.484092732916741
25.435235341190857,118.47313449313424,54.5532500826665,5.221647371197676,29.173022549816015,40.147467969583545,Clay,Corn,8.24012278195406
23.504963247670663,136.1165331150645,29.88814708882485,5.6045720390749585,41.36191374642542,33.82527400056158,Silt,Corn,8.353822667248393
25.45880388267751,95.81661172957001,54.17479592548263,5.16343149968508,33.590550934803666,55.38376375610989,Sandy,Corn,7.03005122984334
15.062155426995536,86.49432205445765,55.415713333975305,7.836657357758983,43.342291941726906,34.403101632076485,Clay,Corn,6.9360142588352005
23.90164056081244,100.01583876569792,69.50491537161088,8.048639295024037,23.02635772083829,77.72994603449825,Silt,Soybean,3.2357365615333546
26.78556285755873,118.03620246787344,49.527004880834255,6.820216577948829,41.381503309676184,30.385361283598392,Sandy,Wheat,2.994479194090002
32.38947022370758,56.684355515993744,85.1801201005885,7.721294945685148,24.71083620895345,54.104901788187526,Loam,Rice,5.927022552379821
22.40864890863176,31.114571405882856,31.325391740223644,6.633958380580236,37.77596061792272,73.50282060820679,Silt,Rice,4.110762872477639
20.95753198553406,83.4838945152525,79.66751246703936,6.404888352299234,15.412416074693065,58.98634638895714,Loam,Soybean,4.81923965746935
22.491214782077318,63.37862722257524,56.63521543682843,6.166962380946238,32.351352993661884,52.635105687376694,Clay,Corn,7.494416009053472
29.57701058851037,84.75579407058068,72.89377308515334,6.189609008622434,10.1531205855409,35.47274529557157,Sandy,Wheat,2.315105687189943
26.643755548298422,95.56659043547586,61.197022260881,4.9521984436909685,27.328625140582453,29.27346217148444,Clay,Corn,7.579710146137193
22.351198981164806,86.4025477293096,77.09333304038203,6.764254763607339,34.40353993877913,61.55075163376379,Sandy,Soybean,3.482584635624406
27.56633716556678,143.57402603412237,54.18957053170783,6.459666089785956,24.79031448768904,72.5922086116242,Sandy,Rice,5.64548485165132
25.4853877467402,109.8023429380696,43.520693622332814,7.245360724077876,19.495623712440327,43.41725014282743,Loam,Soybean,3.3608657723752113
29.843224952664446,109.01423078832485,81.30756430906595,6.59352349643861,38.461184692959336,32.91407738575474,Clay,Rice,5.403254651272628
21.489734530613237,118.66621432130205,58.29779031176788,6.337296298430908,28.965372101530765,13.127458541764724,Loam,Wheat,3.4969232359700504
23.361689267011158,65.83500646657693,63.32337710436316,5.628806969992369,25.104293529693283,35.28852734506194,Loam,Rice,3.632016390501633
23.039459234339212,131.17335362260806,78.52127871067192,6.5721532368217614,30.418959211542766,48.2951473625144,Loam,Wheat,3.9194274957988364
17.682425259339407,97.72707140393621,44.52067136858348,7.238237230816162,56.36669141945589,73.98684861255101,Clay,Corn,7.480681413838333
26.48060138532288,120.11441851723637,68.93236346458886,5.35666100891614,41.53502849781544,60.097005383494526,Sandy,Corn,7.28293485410054
26.305276360899448,67.84428300879534,51.15157865305664,6.587473753680739,41.6257366818784,54.5762810706013,Sandy,Soybean,3.7509751066724712
25.025567283212304,53.38723701951807,58.01745966533442,6.733042951529484,34.35546318992364,43.99820508048303,Clay,Wheat,2.958154952781235
23.827064333124266,124.53668974075086,61.084184480764335,5.7819352163817355,31.66485272577147,41.252514241160654,Sandy,Corn,6.7436765372038705
17.92314628974793,111.2922857829255,37.49667207829596,5.912143695091999,10.0,71.08471396261945,Clay,Wheat,3.318808805058474
22.896773386173205,72.9384533692747,48.317444357693475,6.730610848766214,23.21019653536868,53.011078111375845,Clay,Corn,8.278520714661477
23.286427417366152,73.91010756175916,80.26609338619708,5.366578981707377,25.194255867975254,18.46098962118467,Sandy,Corn,5.258681148488136
20.988613653891903,133.76304353244308,73.29286782877193,6.849923715249393,11.25107935952467,39.89690528154136,Silt,Rice,4.033803539708112
24.193571441669953,64.31764321398016,59.060406340091475,5.6046456263408,18.425842097845663,37.1267595234256,Loam,Soybean,3.5601951155149356
27.020254284072692,149.2801885976789,63.64685187769339,7.562853693033216,10.191635290773661,41.806039862338025,Clay,Rice,4.706059962391664
34.43092950605265,72.98137796056395,55.58636241545314,8.8378277453883,29.616761643026276,58.443659904276274,Clay,Wheat,2.028698178715401
25.872889064159196,119.15175776825149,80.34875078741973,5.63924319829818,38.18765970848816,48.388326773086256,Silt,Corn,7.206200074931062
26.28775195361382,90.14144572753047,56.994711333087544,7.034207862374675,41.067745186243286,48.84701889494507,Clay,Soybean,4.055751389337223
24.627770421169163,118.09562293247029,63.47763138202272,5.77325809511798,34.14784462079241,69.70209741987856,Clay,Corn,9.084858527982735
15.406143923504793,83.67657993657423,77.19045216213098,7.54095417379779,20.36603658801431,39.55308365319967,Sandy,Corn,5.479313079058512
24.867430622753915,95.11621281783117,48.3394277273114,5.234741590914785,10.679348414800405,77.96299288831024,Sandy,Rice,3.439690175817202
25.301151049705133,101.22757526187164,83.3818377674534,6.980586758427712,12.431313005984983,39.93038612943371,Silt,Wheat,4.12060807495297
37.316210562426434,69.93437632655582,37.04307885384935,5.627011033110647,17.310174227455015,51.33797294918857,Clay,Soybean,1.8248559893816143
24.038195176094387,122.22473036260378,84.44463196669199,6.293015410901631,21.111403019643255,45.7819460689585,Loam,Soybean,3.6626580996499354
26.507736711668063,84.60359300585245,54.40986624072038,5.468974724852693,28.402515020084135,51.85128700251442,Sandy,Soybean,4.016847465284505
24.826441151473784,93.14200253979945,56.359518782620775,7.322350470895754,19.85835781873032,56.668879926096935,Loam,Wheat,3.9912721252754237
19.15660981190234,70.16951876174463,31.649847432255857,5.663019645560413,33.38975893668261,56.50752860133315,Loam,Soybean,3.4198947431453774
30.714114072575104,23.129990236140685,53.17807923933461,7.051964259331828,27.677264972005272,38.7032400406913,Silt,Wheat,2.8390172972931174
28.759665163433873,94.26916712199493,44.402902034596735,6.155901971737667,30.105457117410257,33.15627983828644,Silt,Soybean,3.352887833951167
28.955159735215233,172.37846264838748,50.88530481939791,6.385527628201137,41.40250552671205,87.54757686358566,Clay,Corn,9.21541502264414
20.453062726026303,123.53812863694071,57.94033551316681,6.6477559074001285,18.1976826579963,42.740234905991706,Silt,Wheat,3.8790460115975924
32.013971554680495,99.42218860796817,74.36687421709358,5.738175328341152,34.18704578292368,60.4881865800798,Sandy,Rice,4.475263942897633
17.990744686038596,92.11327512375198,63.11405027100939,6.710367113540887,29.860267715239267,25.885380342152047,Clay,Soybean,2.5067720905259465
27.934285469001352,100.67397678436139,64.61514980101671,8.030334564354412,26.66513719030305,45.805809201429845,Clay,Rice,5.206758778650511
35.952278129049894,116.4135734552563,43.56720916731656,5.721905214167286,38.8525632086596,48.09200924026336,Loam,Wheat,1.9274167759569365
20.04731837434656,64.57561554073465,46.78868865595905,7.671810143273845,38.79014154557007,57.09222604891749,Loam,Corn,8.930073078432134
22.16851135198614,133.42965084006616,86.98087527526968,7.9980976334877845,20.53509204011572,9.16318788512092,Loam,Rice,4.556953499272654
25.498256825438204,121.46143946323733,48.9719844785513,5.683845010971956,28.17839416142076,52.49210919617496,Clay,Rice,5.255404327250372
22.482621729419005,121.54557177123803,84.84312378085943,5.044945394909448,32.812116825840654,32.75387816948161,Silt,Corn,7.91884642989394
17.246682844669337,113.15427216429183,56.354082016787004,6.801960900171765,27.269932519774155,54.86518566792386,Silt,Corn,7.7562345717482515
25.342814874030136,100.58849973081969,60.03431904215256,5.952592477233127,35.850213322877984,34.45506204742756,Silt,Wheat,2.4407439569404654
19.688481431369475,120.1858370790046,76.05547740344895,8.368603219163003,32.811920179102756,37.16775956111628,Clay,Soybean,1.939897024130483
27.36796215317591,117.75442401224134,79.07838632907985,6.534807540499832,48.32561240356013,45.89558584410098,Clay,Rice,4.819251293259831
20.402878828830985,89.37877867176928,58.33781159581369,5.697800591964821,14.697208640702124,34.21505795595207,Clay,Rice,3.3513475197732117
32.7496720250877,82.79194681309298,54.17635419717692,5.352840488988289,28.775640102526026,42.86698329896968,Clay,Wheat,2.059663402917632
21.083733538318814,103.05568885785961,59.161193272166805,7.5899049590908305,20.91497488487809,32.09936347185027,Clay,Soybean,2.336178825922958
23.38969241897162,146.47060454485563,65.06936292348178,5.928816025915814,36.04107455439044,22.502443224519087,Silt,Wheat,2.5624697431108454
29.067586086848348,62.826787730382975,73.36955530304633,6.543828799460428,13.828281099544554,65.2693557864404,Clay,Rice,4.129714287023707
18.845678417830225,55.9742420274268,60.06344788491227,7.45580274511248,33.46312710224887,30.559269607641074,Silt,Rice,3.427705237295016
26.137299673020646,104.9428252370955,69.2832944703473,6.01574164806917,23.69951568651659,47.319786685880246,Clay,Corn,9.477585706427652
31.53571377141214,101.52663105568054,84.57539598406412,6.454071171259839,22.65838133878986,61.293366222406775,Silt,Corn,8.96771644024179
16.96258382719386,105.20024993111224,65.71964418397177,6.48343159017748,15.535017964593127,40.77583846225935,Sandy,Soybean,2.342832133775676
25.92316929266152,107.31859593725501,64.67479284007167,7.1833245115160915,25.34924053798994,37.62251150381693,Sandy,Rice,3.784149538542756
26.299413971242117,93.30393236095584,37.21633762364898,7.090744335510326,40.84500530290926,53.39357133001132,Silt,Rice,4.6249870455722455
28.90911435888655,144.69590315806246,20.53904794756405,6.279886268745171,29.748113164705206,66.76900734090728,Sandy,Corn,7.42205907227427
18.81524644560959,51.972880645704535,65.82563593845252,6.563649061496518,36.27680417874475,32.460271023702965,Sandy,Wheat,2.926244509653239
18.397716934578618,75.14508925659263,58.57763653078692,6.128220988476512,46.64641821966275,47.747782519738415,Silt,Wheat,3.4397645154576653
27.60970782808449,96.90235719552858,52.278259876278874,5.0223875930805555,32.63755584822576,24.01258107549009,Clay,Rice,4.81288396728773
26.48492336616593,50.704335665374984,63.65295306279517,6.757600857398129,24.412004279376593,44.10198494476715,Clay,Rice,3.665197845611736
26.252464251729382,94.72436786703787,59.093944062046376,8.392191760833068,34.6725221518279,50.51307026807113,Silt,Soybean,3.3453285500394525
26.732241047484877,149.84410497184055,76.91670375950848,5.6162808593089375,24.557038536857082,37.18063037367401,Loam,Soybean,3.0767841240398046
21.599876392107547,100.62659464887885,61.29166302388467,5.726970290397297,24.955773167028305,43.145122492621525,Loam,Corn,9.949004834463132
26.161268485805017,106.92102717156051,48.796150723947484,5.629272228356259,14.801072003810152,28.87659847538825,Sandy,Rice,3.7479428567112643
26.465362366493405,62.19505704482259,74.85249358438934,7.224591778723123,39.262574910843924,51.1561791707224,Loam,Wheat,3.858912948147612
21.42824290986816,81.50915775881568,56.743033875806965,6.94848545419644,26.139974243505606,65.83541373324725,Sandy,Soybean,2.8997931886290984
34.328872555723784,88.74410859028188,67.89805025508461,6.3414623075835435,31.82098245815862,33.542841953443045,Clay,Corn,7.666095170450953
27.36916460455894,90.46854709731298,52.83883940710799,5.581980938361035,19.640380713933606,40.65992350171426,Silt,Corn,7.424395523145625
19.043482513986756,138.44931385011307,50.25259671753845,6.592376791639924,34.35947629715472,57.538193696812726,Clay,Wheat,3.3409958284548815
28.28276804316915,116.73073182175374,61.262523452785445,4.935377872664196,22.380587618649162,68.18136078984105,Silt,Soybean,2.293260044998538
20.126591648863393,66.65626129188904,60.19242965315528,6.643426566857493,28.582912782981758,27.60215281686603,Loam,Wheat,3.8195648004020537
28.93542301871226,107.39514335296015,67.1974055305025,7.371524386087934,38.77826031239126,47.46822893876076,Clay,Corn,8.34096475821985
30.79297789503702,114.94665245490356,55.97031370035386,5.248800863366322,37.907593122325295,54.246962334792876,Clay,Rice,5.179595938066613
20.89658840824145,134.204471155638,32.45460324344404,4.967481723170336,29.779699274830595,48.469154140567284,Sandy,Wheat,1.6448022279954913
29.81688064622161,147.41622059705122,53.50839174617417,8.079437891694859,12.318689672932816,12.848118996843695,Silt,Corn,6.94278731197467
27.06390463468249,69.54717424516394,71.90727700715723,5.888240360495415,59.92810570060641,57.51635013963158,Loam,Rice,5.747210841604813
29.11030079997245,75.67427466368986,55.5393588113534,7.6359478459438215,47.45858970273136,72.79004526635967,Clay,Rice,4.974143712301309
34.48396491326974,62.27266423256151,56.30424896228178,6.346002334802169,37.226748248882984,51.74992626754255,Silt,Soybean,2.415435520861676
23.773059419985646,92.97940422679056,74.79564758858905,6.338045183058672,22.467962184090293,34.53340920058605,Loam,Soybean,3.635934702442582
21.23131917821255,113.99075123339003,49.32040159111616,6.938412699496645,28.864078382980352,42.303091304535755,Clay,Corn,7.619513229008938
20.552427851872384,129.62003549767306,36.857951726356504,5.616001143253559,24.56579570223483,76.5486960148339,Silt,Wheat,3.6296516425799368
20.920948575172808,97.72146929072431,57.59053320711759,6.6324971434956455,42.638559390963884,63.64943811290838,Sandy,Rice,4.162349307821954
24.614491452929478,90.40457430235469,52.737390731268945,6.118510585175907,32.62502890851834,59.60039927576494,Clay,Soybean,4.920602280287473
26.70575987408322,104.55273976746221,45.50630520370119,5.179506556594968,22.15836141640167,55.34618875301564,Silt,Soybean,2.958723709822261
26.383453996650097,74.94571295109931,57.36932316151964,6.837482074726399,25.29244900875218,40.08294331713542,Loam,Wheat,4.053432380991335
29.13591624518012,162.6861616508432,67.37258470870175,6.236692193122084,41.21188142569905,46.99143229016347,Loam,Soybean,3.2274511027571715
25.065009459389536,51.77016918645824,59.860671576482765,6.342975171555292,46.00097846820478,48.831158964822265,Sandy,Corn,6.189498140982244
32.26767038578659,105.54221736687174,64.60471609029356,5.289839056585842,45.283315634862454,58.24361474096666,Clay,Wheat,3.3267205126265913
23.67671583381022,160.70818657688918,87.20111547773135,8.091400367762803,37.57032065053978,72.63378341400355,Sandy,Rice,3.210475593841662
38.600845832948096,100.20399533679993,54.85681707663654,7.376714186386116,27.473751311973633,66.77507205189693,Silt,Corn,7.373570132728733
28.12833673882503,94.29882894995517,64.17522951967004,7.464155884171978,10.0,28.70923466305939,Loam,Rice,5.511834386976447
20.714212217918586,89.27663731568718,52.36179956101298,6.194555297558318,32.97160023808222,53.35992453351573,Sandy,Rice,3.5693235314583087
19.64553750969444,94.58824954712776,47.304604201695405,4.77081711049658,29.981712411558995,61.051450177518454,Clay,Soybean,2.256454325814235
27.412362076215928,141.1854542402959,51.22638519873345,8.452917382489511,31.399820963213536,59.28290495216953,Silt,Corn,8.158959450236651
23.882686073370746,33.644142660114795,52.81862142717467,6.438902491994132,30.538973470332063,40.56149354918871,Clay,Corn,7.958562768617639
28.57000247046046,146.00301103888978,65.39213696320688,5.751200203979947,16.73737838050843,93.71163823652543,Sandy,Wheat,3.4264062829820614
27.366188122867726,57.28128542649565,95.23613680051136,6.916801574483114,35.574085568511855,30.843731565033217,Loam,Corn,8.737501506566428
24.635855436715637,92.00043012296756,49.259348455862394,7.667120788003297,36.3221631403185,33.75217330000925,Loam,Wheat,3.942564838892591
20.766031409657977,87.12266739104015,53.75062041576806,6.476949443914534,36.823387820596594,53.503926218923645,Sandy,Corn,6.418097503707851
17.425763876570677,117.65659809312159,59.053154803331275,7.778575167939374,39.46577003573387,81.75204582445781,Clay,Rice,4.787489142054667
22.767425239664895,52.05626944348757,65.9369827306462,7.582999938516869,36.040516449216234,37.45707723943744,Clay,Wheat,4.093091188426996
29.28199397161736,113.86517998245829,63.953262179321776,5.423618812597942,25.899705884610892,46.012574515295114,Clay,Corn,6.889724921423453
26.07046872065102,160.72928869860556,79.26143690922176,5.826209894340524,29.291631520839097,66.1594050952354,Clay,Wheat,3.327487026621628
18.771306106440058,59.104779862215686,23.604118941971876,7.457537163279768,30.91124867253377,49.732067676684,Loam,Soybean,1.794066178211401
25.86590462925591,105.69118502831186,24.19605194706491,4.0,31.076994491066184,44.98094218204557,Clay,Soybean,3.8001917489482695
26.926586898644185,80.14053466610173,52.56182741984776,6.350544306835011,39.982176559717296,58.4844935283008,Sandy,Wheat,3.2805940971815764
20.580712818994336,112.77661618579107,76.45950281315564,5.069168798375328,36.43668753022491,54.087769853443895,Sandy,Wheat,3.3068536333649137
25.76862552972764,100.57443332247256,36.51527952591606,6.023446198566475,50.77343439569953,65.45658178455187,Sandy,Rice,4.3669371942781705
25.29104359223,80.75539272867071,20.0,6.2011799109707955,52.06468979884672,69.37203333598045,Sandy,Corn,6.735696969956164
19.285148510846884,114.63616854613223,68.56769109328813,6.141755622092492,30.79649582613925,54.60504590008043,Clay,Soybean,2.6341053710825078
26.788936801741418,154.1304432936023,63.65485835554072,5.947738747887391,10.0,54.375990880674635,Loam,Soybean,4.404764917164109
27.80392263184117,94.27288624818104,43.64687389800855,5.402856350371186,42.368324661272666,53.211664734292,Silt,Corn,8.716751625626516
30.415256215876383,121.59273826444546,45.21690598918605,8.791911266818687,24.596236610129456,57.33695834973931,Clay,Soybean,3.3151225730421316
30.269010260174515,61.20181126386509,45.45384420547988,8.36746200416135,21.98516078168993,50.82755956807196,Silt,Soybean,2.2956639434808133
18.111653160214544,71.30690869545974,61.6580297621091,5.337934179743717,26.01554725010633,49.990872765165655,Loam,Wheat,4.075619057343806
20.310874800424386,114.17218833641132,50.605270857254894,8.082116751303568,25.533569531853935,67.94940681240864,Clay,Soybean,2.72369957444707
27.5751763360433,144.52348085607895,67.4109587846328,6.100534509527147,36.12269810105393,72.74174270532565,Silt,Soybean,3.5088085651474628
27.568929754561044,110.6684004635698,20.0,6.629187473331711,14.405642208737746,27.386705830498688,Loam,Soybean,3.2329857902621004
27.575238431530238,90.60825908430537,47.14722202308301,6.436726040103084,19.222792542083983,50.15031727610854,Silt,Corn,8.676980895031967
44.26365745327361,99.97874216270063,43.10919058633425,5.840251358746034,33.431585541974165,39.66958349832148,Sandy,Rice,2.5936062570614604
27.854452553465833,62.48776798090847,56.15488982441262,7.483852343606147,36.22944030413308,45.335428002708916,Sandy,Wheat,2.925668023263822
30.677828200902994,118.135459790661,51.92928362264792,6.625886530576658,36.41541644936012,56.037743146029825,Loam,Rice,6.66651418744428
29.770008817466014,126.46999186970227,71.9676566984365,6.023448576780758,22.12963721066701,60.041575573137024,Loam,Soybean,3.8887007188367075
28.25695625652899,86.43729001500759,32.109948425099134,5.195410556199527,20.2173435073376,48.318103345829826,Silt,Soybean,3.7903095893586496
23.42365377679827,85.89873556721496,60.68237214496128,5.60640498628088,24.93365166212081,21.29989497915796,Loam,Soybean,2.9926051964912634
28.794846102466337,107.97634688956146,68.37504634817559,4.858619884397903,32.39872752284725,35.52431629135731,Sandy,Rice,3.9996962443268202
21.13587392731214,86.89840791878214,87.84971154842933,6.51222354841517,44.854773692725495,63.44749505300249,Sandy,Corn,7.875872391272002
23.815906966299956,98.01602156122533,52.77351043359787,5.303334407715604,10.0,8.893603669476029,Clay,Corn,7.594598724137095
22.573182260854484,162.99165367499546,64.86687906528776,6.234439487481459,27.792712430416334,67.81140727523,Silt,Wheat,4.412797975637348
25.409370696931614,92.5892289776201,32.94205811156453,7.870101853610371,16.67321558974796,57.81844985966812,Loam,Rice,4.941159008630124
36.573292833367546,89.24979543936334,24.120656935304645,7.699299572921586,13.477573226465104,69.74264122295034,Loam,Corn,8.992297013758208
15.66367403704126,80.57374583094523,72.6716156367255,6.467723105897382,39.66956645344817,47.02146219678559,Loam,Wheat,3.694680895932778
28.43130095187257,122.3257591449981,59.91659559527894,6.41291527385685,35.446245744993384,19.078918639656425,Silt,Soybean,3.121105523566523
16.936420644051744,94.5632748034569,77.67769034697633,8.379874549421007,34.49433515947262,56.45543962259747,Sandy,Soybean,2.1458089114422623
22.640340671052833,80.51880885035722,39.39895666545377,7.020756120358711,39.210258397309936,69.11979686057512,Loam,Wheat,5.1985682408437395
30.444752984836832,139.63912096819035,67.79853209293128,6.172193540123477,25.20281103233864,63.87082708270131,Loam,Corn,10.665290250050838
25.321400095477316,142.58809013540912,88.0322676081578,5.073981882879548,25.673624836664718,40.05962774767947,Sandy,Rice,3.193314625614669
19.61127611035347,81.98729302783885,66.29558412535899,6.893873218164743,51.857306167225744,51.3014161319397,Loam,Wheat,5.496641434228471
21.42348145370016,44.00380145918151,64.14872258386573,7.329323772582862,27.534289457404256,42.007455968301144,Clay,Corn,7.458755737006565
28.39798874467338,130.22541069510766,60.12834121236525,5.868348475486356,37.35132113054091,37.711003037159415,Sandy,Wheat,2.3526000759770125
21.34816684141432,79.46110522719988,36.43677814311132,6.791202755138032,30.06381540963315,64.33082856769776,Sandy,Corn,6.63931286452079
26.082292947909874,123.71876797488306,80.33359403565522,6.136426705084971,11.517414699215848,32.03701533102257,Sandy,Soybean,2.939283016646883
25.22785919951907,40.89688546864493,50.83713540292401,6.315967600800997,10.0,36.59275354127581,Clay,Wheat,4.186447421992447
21.741998261970913,126.77792014897928,67.56724884574525,4.012177942437669,24.210157800600953,33.43961549791422,Sandy,Rice,2.8780505684278643
35.719720446626624,63.66484212157656,36.554485401431194,6.278218596283865,40.56101251669989,27.6462871505143,Silt,Wheat,2.4787268686949346
28.169595111590056,121.92292357199574,42.308105032383295,7.4693693024080545,37.88291656636004,52.19621437763905,Silt,Soybean,3.132110128282727
14.874287066711965,100.42819203509302,81.52631098833353,5.8685974444334414,39.14077164224034,67.42254572722965,Silt,Soybean,3.806908479432316
25.93227157384714,71.38181741810065,54.790465665632354,6.552526368215316,20.129538210636845,47.22684865632102,Sandy,Corn,6.584721139624358
21.69106767615806,87.78891061219659,81.79913214063816,5.74404929330808,46.15872490122314,27.413782991537502,Sandy,Soybean,2.1887382768346644
29.26216667398112,120.58955370870103,58.82654011412223,6.860441676292773,20.351066998136154,62.59916809613041,Sandy,Corn,8.1338347549479
21.037396307836495,103.17683359345703,32.371533405632135,6.283476802463826,32.12824398669969,75.28552631052457,Clay,Soybean,3.9429256390979157
24.426317792665504,117.53238941417453,73.3810139959758,5.560758459317993,29.896477100922635,40.30636513780108,Silt,Corn,8.522991635846074
27.524936394902287,159.29321753546458,51.15161523366588,7.8325514676651276,28.261261796854136,42.82168599923423,Loam,Rice,5.415773788747979
29.328775970850607,53.07275164866846,70.48033220275565,7.428932013532215,43.38592138295607,57.734909451250914,Loam,Corn,9.132112623373379
18.998517964721117,148.51637724905873,60.37816301310123,5.895093236071825,22.948894798340394,74.32810621677577,Sandy,Corn,7.43856685716958
23.327493820795258,103.13067812569639,36.85322658085694,6.9977883094177775,16.50394744288072,42.20248781412161,Clay,Rice,4.121041907028261
22.62527344419522,73.03647855030616,62.464421480558535,7.037412002820381,30.199954862064192,30.013253285026924,Sandy,Corn,5.9039644486256
21.73335383713144,60.0905912278303,92.94334713229199,7.142301235011176,26.001732657134735,59.4712790940861,Loam,Corn,9.06147701151049
33.82727120140548,94.32638827668899,67.39479687771689,4.805744104004923,63.77382919082646,61.98602109713449,Silt,Rice,3.9585519775749995
27.024908554804778,127.64950335773378,59.13723370491805,7.506606541032628,36.76507476439975,50.0919717565284,Loam,Soybean,3.3361873843306635
18.695580228324772,96.17352638867398,76.13015102935347,5.930301037074269,25.906594247813757,41.62800110513824,Silt,Wheat,3.611851640498457
29.58930973527388,145.33464790742042,63.16002697804666,6.142172066558733,19.438884308129133,64.91568096488069,Silt,Corn,8.73046306705637
35.610780985063165,56.464729298453236,63.14301345394192,9.0,11.197115894312152,57.920540068219466,Clay,Soybean,2.152156006261173
30.162326302755734,99.63733156461836,43.62562241761346,6.801873380721012,19.74780914262567,38.473467246447605,Loam,Wheat,4.343946778806363
17.403150170229935,62.42819666760643,63.50772038684398,6.113677524552824,31.149417717591316,50.73642096958507,Sandy,Rice,2.723834580171622
22.578829635668743,110.90895647874903,75.53165124625417,4.2947056272440935,44.273286515947696,29.724387019630303,Clay,Corn,6.914447341952762
31.334555745933113,126.60662170291901,47.45906771849963,7.889764133946356,41.21689142387919,60.2883568465688,Silt,Corn,8.44848743254808
21.461652671906094,87.3771461895684,81.36743731870422,5.154790329191398,32.2909483164638,46.06649645925716,Loam,Rice,5.096301934503133
27.219097140731144,21.87358430118597,58.62440963782311,5.496561096500496,26.768323342975155,43.464337514228944,Sandy,Corn,6.379672783211323
28.873170267146683,105.96844440389484,46.68345732692189,6.1686477009121505,32.68812356412154,49.506882722713485,Clay,Wheat,3.522916734952894
20.365347642109583,113.10215655200528,74.96448115380366,7.916411791700293,24.81362002515424,50.604615489953716,Sandy,Wheat,3.1832094180629973
24.702373219691,112.12884264885093,55.69808646392596,7.273239986665759,47.18363995763876,63.42395092348341,Loam,Rice,6.0512503417874735
8.793663299654636,137.07346575466462,71.39272331229162,6.34216249015974,28.1080981872492,58.86635796987832,Sandy,Corn,5.3772403472543315
19.878061793328552,67.86838961052854,55.623620516121946,6.808292063638821,29.13662141753273,47.65386081810796,Clay,Soybean,2.9618206562340235
23.7371592430342,120.40648316351349,59.102607847051445,5.8996143071288945,10.0,61.45502224578493,Sandy,Corn,7.774247538996231
18.761084090175753,135.77522537433924,67.40340306501437,6.639653689565351,28.04565153477236,56.0110588053742,Loam,Rice,5.413383373334432
33.16205651965818,46.64237247980449,64.36345586385009,6.573336744778136,38.36484137964941,43.60100545570944,Clay,Soybean,2.65029313083107
17.849293110196836,109.58955477756932,30.067023293223922,7.468769895681353,19.32277422961455,48.12922762645271,Silt,Wheat,3.1459751431693572
22.799777566515083,84.87460506976986,43.181343898584124,7.467178122438949,22.49279665507187,47.77665666735319,Clay,Wheat,2.686290516974945
25.653702886430455,97.55431980695062,73.94114977186223,6.993977382205645,37.927110177336644,57.578920147613026,Loam,Soybean,4.394583246301274
32.20636644533058,110.43029450615009,58.01795116647679,6.137652442453898,15.233427764819467,44.494660779175376,Sandy,Soybean,2.7158984862158557
17.8206892441028,85.38314307659343,52.144030458428674,7.2418222943901265,40.578010075419186,44.1438622036755,Silt,Rice,3.391619756614211
30.815818760774796,79.72875762515164,39.621389771137885,6.408031533796954,24.67856109826898,79.53135964150938,Silt,Corn,8.283030185460335
25.051165305097935,101.02457252464073,43.803955180862275,5.418085631286867,26.11431779508797,64.09603222620656,Sandy,Wheat,2.7965618625430926
20.092456744760245,67.38262183411592,29.67302040057079,6.096712208089062,18.76121594874406,38.590990033622916,Loam,Corn,8.9316272049743
27.310517371316354,67.42524613344443,58.480789219477,6.5845269837843245,33.78046260427883,58.564114909132975,Clay,Wheat,4.9584819170167584
25.99529847786735,120.3811984886951,51.0234362912843,7.4102157836647455,54.598719850293804,51.77525098482766,Loam,Corn,10.53545365543016
21.998915614206027,65.53617894524032,45.50118163522027,6.316471827842847,37.81497239460632,55.87326762890141,Silt,Wheat,3.708781614957182
25.349010424950094,119.98937502727635,58.9781486224807,5.2908012887603935,21.35714738059464,52.06011986847657,Clay,Corn,8.598711489792853
23.0734320156912,113.87773878561853,65.45955946279108,6.55674168329682,41.35620585491476,67.84463968227854,Clay,Rice,4.943061353517821
25.56758672625624,48.2257981362821,91.39796898314917,6.613456040056552,26.833204540657505,55.18430516977169,Sandy,Wheat,3.0275696031081827
28.310653372605234,79.67306042993035,37.321748706551794,6.685837628902753,43.7448498142756,49.06866952678569,Loam,Rice,5.592238144080211
32.93008408072676,135.82328209142116,77.39071564950783,7.41987151595443,38.06676402164363,65.63285865474526,Clay,Wheat,3.054513661058518
18.810922505865754,70.56503406580956,74.59652341522607,7.518923240089898,10.0,53.49927561631808,Sandy,Wheat,3.611436977510658
35.665166873281336,86.06787213071837,48.31360890934949,5.905789127618333,19.959203670449725,51.82217868993587,Loam,Wheat,3.1182670243674426
15.239561002387491,113.86182679755689,63.04853931879047,5.883856541951056,39.4438522283539,54.71033903729172,Silt,Corn,7.4081740494316675
24.241074524822082,123.50171527847786,53.13550125993577,5.459801289044527,31.516572721450174,48.595864649504506,Silt,Wheat,3.5248252038632626
27.941586032422883,92.45383341866513,62.785328706281085,7.198815670280476,19.762440522921494,50.13840489493203,Loam,Rice,5.929912290407204
26.404959338675162,82.07469415925075,82.63696520106825,7.948820108337715,23.66410484506187,41.19958116857191,Clay,Corn,8.148937298041869
21.88650240089703,142.67109585095523,69.0840934894697,6.184918072091077,10.937633799106194,38.73249170564182,Clay,Corn,7.136862163983927
23.959388748213623,152.16698991392735,67.62912559850163,6.258569435275007,29.11626712473604,35.021444202763405,Silt,Wheat,3.1721184976341505
22.534995326705836,129.36574152345386,53.54536020068036,7.966782556898976,52.106897260157645,29.120250698043858,Silt,Soybean,1.6748436650018454
22.053176215278942,102.55954427695072,37.73915002613497,7.005557853215008,38.04933390732326,36.804239579231655,Clay,Corn,7.68874778974283
29.248010485105123,75.7520283507722,56.87297684189388,6.936235704801055,51.90417001188423,47.38599448299612,Loam,Wheat,3.8521539049355606
26.785077429825236,75.08666780330304,78.09912232295872,5.309083494026273,38.8239708978998,51.546763736684554,Silt,Rice,4.34147671581103
21.535452023696728,115.67542315797273,37.09248215115529,7.178728069279419,40.274793433526916,45.93055155278539,Clay,Soybean,2.5761665231506776
29.497999377166252,112.55194662666051,44.173659477349574,5.570863659490242,49.74078687745023,14.664447648089634,Loam,Corn,8.323025686312201
26.536497604383047,142.0479577883929,61.89401604351102,5.365979814065042,33.772632593422266,73.61879536643514,Sandy,Soybean,1.9922455989394812
29.0643105941948,119.51350277608418,45.23017822729106,6.153228423233288,28.1277267849312,66.29720184335572,Loam,Corn,10.518735775684302
28.14814420961806,54.90759094720546,48.112148293271815,5.91420727655131,40.326575166220124,56.68639776825693,Clay,Soybean,2.9595925292345733
20.855024945389637,131.55842853168755,53.64602127407734,6.27840030561496,44.53840237121885,78.61236008829903,Loam,Soybean,3.705220403799549
22.199094799015153,70.05818118056762,39.51573893714776,5.059018365475081,25.20035357287791,35.33953823774434,Clay,Rice,4.068065470615449
28.736468025616308,88.48086184142946,45.38817230675448,7.458816306467672,22.784309176599706,78.31437680939007,Silt,Soybean,3.2683221054089735
28.051851327167324,107.50600618755084,70.55141875180963,7.627686294516429,31.388560324308802,35.52178884874178,Sandy,Rice,4.471974455911458
24.89549203017926,159.87002469351893,40.38945326653554,4.5526575258591855,38.31498866931662,53.58106887937035,Silt,Wheat,3.3216225626985127
25.58663691654391,193.29755668016082,36.03191798257744,7.47845780566655,37.98091048661561,30.892440122986933,Silt,Corn,6.178857791084556
31.388324478942124,118.20169177408548,50.54962530699159,5.6894713701783735,15.758323998124009,50.2204114331655,Clay,Rice,5.188519113098624
22.04214305582085,94.50410143838836,70.97933253764768,7.356975536982786,49.11606067063322,55.79249746997583,Clay,Corn,7.636769255456097
27.735486905850188,116.0351694544165,57.046172880046655,6.431553507333584,23.588350706031495,47.67964503298168,Clay,Rice,3.897368067096976
23.98903673783053,126.62966277621508,53.03128382826573,6.528775564080998,27.349350031114206,60.708161661352065,Clay,Corn,8.010061870673237
23.9115939838639,90.37997123328425,60.6653819627341,6.314902350578781,20.973456400121805,51.48521674230886,Silt,Rice,5.1195826744090365
30.49388425993595,153.85634067736967,33.81438850710522,7.712129204233486,56.983288359370874,42.16377907433736,Clay,Corn,8.658858772958345
29.12708174494015,106.90212277574206,67.42058480662548,5.2604119874749715,32.42070670287967,41.49780023296491,Clay,Wheat,3.179771667494973
29.067548180003193,114.93229267274182,65.75152547105466,7.107840338735008,21.49024919318435,62.163706589235446,Silt,Corn,8.94373830740079
31.527394035771646,119.97772756163384,53.86037288856418,7.60133016488955,38.63923549962446,40.193869552895485,Sandy,Wheat,2.070665790931743
25.105019208163796,112.64759831843367,75.08886767694625,7.2163400805404105,37.69135779310033,63.73104455727405,Sandy,Wheat,4.119833993052801
28.40976485647482,125.16821501408836,43.087558515704416,8.824698914323417,28.12272976420116,68.34067689247897,Loam,Wheat,3.934923427288311
23.44866621703272,81.48240440359231,76.91863489880353,5.971053237275301,38.406067127833836,24.96929206480805,Silt,Soybean,2.5011817859109136
26.62083176244221,83.25094738161908,62.31740498392877,7.457304822593532,21.747080391691355,66.99389580951552,Clay,Corn,7.355824874798811
24.349284728161578,66.99537301084915,54.951711151827396,6.39390936465858,25.070817250507478,80.90634047667048,Loam,Soybean,3.511237340202536
25.48497982496359,113.18503691860678,59.701895469475325,7.7334060763526695,10.0,53.78005641802893,Sandy,Soybean,3.4964972845476447
27.97578512718457,123.36809510536342,58.391028512835874,6.492311004278631,16.760489157804372,58.98626277942233,Sandy,Corn,7.524238436244564
20.908896583832636,113.73318598455657,78.30424344626576,6.112124218137531,48.07630805670686,65.55507986553738,Silt,Wheat,4.26234246014657
35.4619363784273,150.23477300042612,43.8498130879348,7.806072203871629,46.41428627722314,45.867765272314664,Clay,Soybean,0.9204523391851307
19.96991309250149,99.8321194351286,48.56221141280103,6.00843806098107,30.657886486489627,52.73420335306805,Clay,Soybean,2.8276211447590978
18.92905693606134,120.06224966777538,75.5445433810872,5.087274241099443,46.629314471898375,30.287007055653362,Loam,Rice,3.922598107163007
30.790554367500338,67.24897371582057,51.06697597224211,5.983153116826172,28.399255133916952,52.07952542795677,Sandy,Corn,6.693518387298177
28.95831346981468,88.38700892576797,73.50799615997387,7.119032946588533,27.56589697432092,57.471679934668124,Loam,Soybean,3.684364302014817
28.120599085260775,120.86613272697332,85.49153974513064,7.892038751587092,30.565106484655562,57.74244534389704,Loam,Corn,9.376097073820041
28.1417275463214,125.47306332229432,53.973074595875495,6.611129375296512,28.750784046764345,65.98137085396371,Loam,Corn,10.377982230174004
24.938766135765427,91.18099157007453,70.22043489862958,7.818197067234025,27.848036764398195,38.37796732796706,Clay,Soybean,3.5183089851932334
20.51372814257084,97.852022444258,42.69461577990212,5.141825078522406,41.43398107149552,42.010898649897555,Sandy,Corn,6.043254745168394
25.37902279096863,54.46378759957572,71.32099947101713,6.056736535182097,31.501356539562032,78.43261018987033,Loam,Wheat,5.0968552446631135
21.61419144243944,89.28912397580172,62.99135978980151,6.211424882845899,37.124817644338044,47.74507439354435,Sandy,Soybean,2.353482842772151
29.875598667088756,126.71149490559358,67.09557423240322,6.3854405725274805,40.31380525277331,53.00050680968492,Sandy,Soybean,1.4135347698925291
24.264713092489306,117.25615048319699,50.31641891946907,6.584094388250197,33.881857956547336,48.994849374121685,Loam,Soybean,3.8525799663904197
20.872514016037442,115.01997164143629,35.08374876649241,7.190910957392193,20.297286740917613,37.67478760542467,Loam,Rice,4.390605242082158
23.393070791735035,101.49321061542881,67.54878097124256,6.05519316182951,16.47134111035961,74.35293816337709,Silt,Rice,5.293400663824128
27.06465727137812,100.21189475884529,29.048952712808184,6.639028686953125,31.48780634807305,42.08447882119091,Clay,Rice,6.623621764514441
22.181377235980126,80.19036581579658,55.23974261636198,6.454877109675948,28.287436951750657,33.09071714439605,Sandy,Rice,3.807381300972211
20.888898022167844,120.96485260607605,74.11772799629955,5.57411009610885,30.873914289201217,43.238895840458724,Loam,Soybean,4.412313585553457
26.218436057459563,112.62918833168169,62.87846603809554,6.386333310918564,29.839459607514137,19.974409974117,Loam,Wheat,3.9179104468278747
26.224832855543614,114.76056543978397,89.22513967184719,6.356340470102882,55.83573660166567,40.23068802525228,Sandy,Corn,6.648277981721603
22.46528412314435,84.21895471997259,75.3766372887266,6.334919434996954,16.697737443586618,35.4780710322151,Loam,Corn,9.290932672119908
22.644808471908387,35.399712403862665,50.191524175116356,6.531759456581451,10.100537301788751,59.26142946390986,Silt,Soybean,4.078146131955791
26.16024968678818,132.91458135261087,60.409700697771584,6.575673540613386,33.3237683351961,39.898786406601914,Sandy,Wheat,3.7263509842833624
17.75957829251338,85.63487631974787,59.28943946183346,6.067704820892669,26.235774454118047,63.317059033682725,Loam,Corn,8.678063300126295
17.962681128117225,74.11672707870639,36.26734854980809,7.772714733971265,33.16067869729951,70.97725989603983,Sandy,Wheat,3.466999459060969
21.40777889373782,120.8043673574198,45.8940162527347,5.330519370796983,35.83883022284001,61.717630044313985,Loam,Soybean,2.6173118424883977
23.932764241440765,88.23962080242612,51.588586395302094,5.7790298915301035,42.841046951788975,46.76917566709885,Loam,Rice,5.445942919207758
26.554537827990025,131.79809152139865,29.45669245716095,9.0,14.927741796160616,52.11671745058389,Clay,Wheat,3.095577000526636
32.37678108474776,118.51017848730092,60.712402023774644,5.46200864501077,24.43282102142837,27.125225897839105,Sandy,Corn,6.185146644137686
29.288298116010097,120.50707969601433,56.26392233020439,5.146245325290241,34.28761258880764,47.993309412181404,Clay,Corn,7.815396215147532
24.200307350182864,59.02132866398397,34.906591480326384,7.234476745001218,37.704635956872266,37.0934229789975,Loam,Corn,8.89354071420775
24.904918960486555,136.358319561592,66.06319297915998,4.422880146226126,51.934495502883856,60.41489571723948,Sandy,Rice,4.069439561848483
19.987353176810956,107.83751593701568,70.7380911703644,6.264726090027561,39.55703971113867,88.59128583866712,Sandy,Wheat,4.134576195357927
24.90743432003805,88.92168582261391,63.405517182973334,8.64582492507649,29.43211404113723,57.49732453960714,Silt,Wheat,3.2864313001919303
23.55670680539931,104.30165402026753,55.13897737186545,4.9550640778465995,21.095642470573384,20.132897765680003,Silt,Corn,6.94196978974482
26.613592801690448,46.7129430130504,68.87163227627782,4.518035514261287,24.35710147280981,44.581547106284404,Loam,Wheat,3.447353894749415
20.863845282238387,112.25958434442012,70.20330540715037,5.000818798042301,24.072971770428936,51.83736388061682,Loam,Corn,9.156128725021928
27.596732571205862,69.11885475453785,64.61105354579533,7.398359568346986,36.552336285137606,51.310361378903956,Loam,Wheat,3.393458261507564
32.66369456501289,59.419891424693965,47.630816243478584,7.624776719985812,32.56997445585831,39.037803115868705,Loam,Rice,4.19399007804137
24.456199257715713,54.329224413463265,64.1490114826677,5.987411203021491,16.76350429157821,53.67937613955403,Silt,Rice,4.179018085694749
27.008558610494706,133.38065124969776,77.93220976238219,7.183212404001069,25.64098530909567,31.36248744620919,Sandy,Soybean,2.774653450539187
28.450719958555563,81.12209818921633,51.05056412082405,7.89025532751199,38.77547553451421,35.826369159723995,Clay,Soybean,2.661577412420499
22.993897640570818,146.01183129749498,91.46909008698647,8.287346414429825,33.516623549740586,59.686964624055676,Sandy,Soybean,1.9486426825135612
26.120462409052084,83.92595610843107,52.115535990219236,6.2536647188201515,35.6864461601277,34.76505153680261,Sandy,Wheat,3.1664815750354127
25.062962003908975,48.7792612722116,60.486105200102045,4.198528282330013,33.82921710057263,58.07317408238386,Silt,Rice,3.3394111761645617
25.48838049274416,66.50426680154023,49.91271605990496,5.679121077590313,46.26430734608859,29.45804338015913,Sandy,Rice,3.6721571025832276
21.13495108072267,137.07434860020817,63.34906253880391,6.073195805064742,32.3604306382437,76.47238825687604,Sandy,Rice,4.71264617995642
25.122550871294713,95.32305466189997,33.866674610470874,6.2410612034216095,26.13977202129302,38.38595116393918,Loam,Corn,9.413299412103841
27.489991456227248,83.55138110528198,51.80937301774918,6.312140598991281,20.842449588664394,46.64500142294834,Clay,Wheat,3.8702167573022934
32.25571803897521,104.80054677558363,43.61818199477149,7.6188945979306695,32.496094582097115,54.95919891635609,Sandy,Wheat,3.0902883515942685
29.796354130426035,115.05348208502635,62.03007521838436,7.774428426687582,10.0,41.519750712483585,Sandy,Soybean,2.0116724181871573
35.76591228755778,133.52196447707382,74.91671063263361,6.328326346075217,28.157109981672882,52.15108941606957,Clay,Corn,8.246702578656064
21.163262185559752,143.4549768967878,69.69009280671827,7.598484876051819,27.94160140078656,58.63035086780189,Loam,Corn,8.976417660997665
29.361603183603393,89.20694062632742,24.425109587116616,6.857661366631089,16.355291463827193,64.40919848755227,Silt,Rice,5.651074852990164
25.91671002869176,60.21856941753885,90.6310447939182,6.564505972862571,20.71734161344004,61.872461539594354,Silt,Soybean,3.471770470607301
35.94901466608836,87.59604516630172,64.42919910931303,7.4065441571099635,38.09657530148241,47.42284304295989,Sandy,Wheat,2.264317379977418
20.958508573224243,107.80841519748658,48.35251289260499,6.572252048237916,32.307117490749626,47.80052338934597,Loam,Corn,10.075292891209319
20.801390789096118,71.08723221368167,62.35691878486411,8.557811177097761,31.017883337073275,85.23662837037548,Silt,Rice,3.498334889282004
22.00303677277989,71.28547255314871,62.64284733754039,5.061588833205441,33.06347533932023,64.24833602373938,Silt,Wheat,3.3136096336684657
14.380521378450965,110.31363644649656,49.99726924572654,5.984829100907982,30.926275879489236,36.1726451551968,Silt,Rice,2.861328173624506
22.371224891596196,98.54042945288647,62.96875001013113,6.37348110304605,42.42862562858315,51.49982245648328,Silt,Wheat,3.658878951864112
21.20433669223151,100.9839098623476,50.88791568569539,6.9394526904579905,31.23429181703649,44.97285291832711,Silt,Rice,4.607665124930507
25.75196893238104,77.24513995899792,53.934570109649655,7.767960487103089,15.417868861812495,47.96998649115336,Sandy,Wheat,2.2270892971305996
26.708779878885796,93.08797857382697,49.705812963673736,6.475601432763844,46.301299648744106,31.55757263437868,Silt,Soybean,3.33000629454742
34.38085419607943,72.27300567195087,38.50993065390521,5.077770350493793,33.70340267328846,43.8211514842107,Sandy,Wheat,2.3643915312263375
29.75211919093025,126.7059523337436,62.18754705323076,7.342513896455005,24.107462692049324,77.1733365979087,Clay,Wheat,3.5882678715745073
22.115481721687985,131.05748004171258,68.77949154774507,7.254958766141964,17.465982817049813,58.68614451313255,Clay,Wheat,3.581341044624502
20.50792664325821,44.61436413285718,67.72325394114559,4.558141340620594,33.959142209580456,12.6325788777281,Loam,Rice,2.7793218145897423
27.459595857532527,72.1146741942277,72.29887878952852,6.4961958663292005,28.828279950256245,68.2508523874692,Sandy,Corn,7.390753121306272
18.398833964896788,55.104122347297626,64.86510315022302,4.909858169319702,45.741467860324086,66.34444284363742,Loam,Wheat,3.7297928246456626
34.157293829271765,80.49928196779305,52.00911752674645,5.8353489024979375,26.540927193331722,44.61072043540375,Clay,Wheat,2.7337492980246463
30.897200603606436,97.49686090628917,72.59495796646783,5.5971910730372,21.62619210317533,60.75895315674823,Clay,Soybean,4.366736865734293
22.654121739476476,56.5106434090441,39.63723690237097,7.309264698241986,38.95796218235928,37.10901183774199,Clay,Wheat,3.941897599742291
16.434327354545612,72.3442056062406,46.4899292623128,6.6168301741721836,39.25281892716831,42.946164256004636,Clay,Soybean,3.8077084483070402
31.769361870827062,69.88127883755504,45.53699892865133,5.214408999243973,31.686513676101956,72.4781954100478,Silt,Wheat,2.9801634426555363
24.42730077373691,106.21801988196832,76.20084088708965,7.380065962957342,36.76357047674908,45.92404940195438,Clay,Rice,4.440874984309716
31.189081559867308,102.0803301110875,74.14182771210113,5.066194176071585,29.62312879257762,21.954025070675133,Silt,Corn,6.5580098519351155
17.027861706028165,78.3478733998824,67.30957855567492,6.830113790470944,32.33865101009247,49.05045165827995,Silt,Corn,6.897433641486981
22.003124885231134,105.30462616418194,76.07894797817696,5.685989330708444,41.64990882563923,48.821174106284644,Loam,Corn,10.143004155079927
25.026218498590914,83.59959746238204,46.810758263820176,6.13432291746948,36.25318334021503,67.97552854060189,Silt,Rice,4.754272709108811
25.23490296882371,91.8503466902184,65.22892679791471,7.004270748038384,28.307255616673753,50.2150463326364,Loam,Soybean,5.071771644443393
22.74967264260378,150.2035627089561,58.12238357425254,7.021449399059529,43.52362545926151,43.67626532839561,Silt,Corn,7.16405111386902
28.114249661737492,140.21383155371043,72.70323155827371,7.83696907355596,10.0,65.67584217846809,Silt,Rice,4.831861071465598
19.661897853087027,61.01256289217207,58.271636511717034,6.417746300328547,50.520733114219354,51.81185348751666,Clay,Rice,3.9008100236333196
24.288102574893532,124.89197253637523,54.22585667384878,6.806450862963341,12.940409051092647,38.74965977651424,Sandy,Wheat,2.8783539032228753
25.601478158559495,124.34189663474777,68.11362777841485,6.062262677595675,23.72907175227704,67.32496340812426,Silt,Soybean,4.3059031026938595
27.572194170293745,65.55210133742145,73.1425375078685,6.681989882622798,29.59082464804931,52.90492646775199,Sandy,Rice,4.340880129221925
28.55807439044445,124.56332931264582,49.97482207729797,6.939486048008511,28.535193292718386,50.04388950019157,Sandy,Soybean,2.6157731563916906
19.376789540810655,146.13795755237658,59.08386492971436,6.401690152545624,40.06411040026555,52.66862587117482,Sandy,Corn,6.4484301780285325
17.32942914632189,66.32365581266758,44.123390495375205,4.696249515907503,19.421633813897657,33.93997442875104,Silt,Corn,6.013572259395287
31.388384109492545,72.47491536957209,22.529084737605906,6.831470896330895,32.607668174830636,42.08519335732494,Sandy,Corn,6.000517235148449
26.661570059897958,130.52984400530508,63.00689447120593,6.864561477355457,24.21787901780246,50.05373902749175,Silt,Wheat,2.9033571275284493
21.25756731721723,108.14485932476944,69.13358034381947,5.819826523652049,32.95140979337417,47.0800445746298,Clay,Wheat,4.259764237509353
32.75575987761262,116.5442882571857,63.93100213630088,5.2156129639274855,29.352277402021237,69.08642574224893,Silt,Soybean,1.9844336625120325
25.578373171464293,110.2176764920149,30.756574233684493,7.975879150503966,30.92935652682978,53.26108779090505,Loam,Soybean,4.415166276909785
30.896485920319133,111.72087762784432,54.73725854885288,6.991445510894402,24.500751675356543,62.82355883954604,Clay,Wheat,3.1323939402322467
25.337592407050543,60.20583615066751,26.72478359923378,6.2709189690782905,24.899360499039176,50.14093031863774,Sandy,Rice,3.433585972577374
35.303739624409936,131.41953119864345,80.54551661481277,5.362967116852513,32.87272514027427,65.84432725619185,Sandy,Soybean,2.6362976176715343
33.77670421221602,135.08769977283322,43.70918126822871,5.678185171578654,39.437155057560446,55.96291634859731,Loam,Soybean,3.6145208192527774
23.75517925760463,93.11827767795917,78.83105414189845,7.802590396786232,24.01720665802152,50.2013072808269,Clay,Corn,8.218247870565456
29.85785475477178,98.69569150558412,74.18804465526219,6.637661940868046,21.3123245542709,49.80075366561471,Loam,Soybean,4.2857496609658075
28.226879747925736,54.06677492332834,46.49114471195907,5.9494129329992935,36.134601656718374,35.68342060563555,Sandy,Soybean,2.891249149725914
31.843157787661745,115.42764268053504,43.008225730983824,7.009689231224656,29.674961069423105,57.60373580204466,Silt,Rice,4.508941959895807
20.17538269709948,117.16172325142432,65.25555324579507,5.685601812553676,38.30498133985952,49.39692898195432,Sandy,Soybean,2.198000863673047
28.430257299992196,98.13426949002067,47.33513944225393,8.000843030280379,20.942027866288523,42.470120597281934,Loam,Rice,4.6825536736443
30.29212243424794,133.73060079611508,61.53726963237311,7.852800534896725,12.205610745765693,66.59692656218107,Silt,Corn,8.901339378016901
16.20630256788443,89.97768307060178,52.757586137896226,6.033425928797223,24.669959181736658,31.246759611577982,Silt,Wheat,3.020762573250653
19.083707436671126,116.938177776808,33.282623783015495,5.87132975296914,22.33647390734984,43.66256156851349,Sandy,Corn,6.7066884280971095
14.803839111199498,69.41006983923653,26.542979713133114,4.0,29.212115999197,65.415781231693,Silt,Rice,3.0007287053904945
23.652965827777212,99.29343547377286,63.40026372741896,5.018419228448632,23.631547857296106,54.7328441138038,Clay,Rice,3.7809439659340014
28.58771127897981,94.76937226291493,51.576633805040615,5.160530225042244,37.410169513364494,49.28211608520864,Sandy,Soybean,2.307513382517863
32.51178526048014,106.75923766122824,51.703652746288014,6.635190340987386,27.118497375774837,53.765053147252196,Sandy,Soybean,3.4931170498292157
25.370473902098876,88.91419213499924,70.43795758640678,6.17376629555864,31.50474498773901,52.69121256573262,Clay,Wheat,3.5767767631918863
33.14307772785646,96.05582212984997,77.60163414948667,5.154664512584759,31.576345584409438,27.25006180571118,Sandy,Rice,3.38630120505615
18.099492708925542,124.7814151432452,55.91182917957286,6.218835957535442,31.949550924121873,44.761071719780574,Loam,Rice,4.6045684725436615
16.483087803224226,86.89707288285348,54.89101939635208,7.0053371476473485,29.758708895450265,74.24782481770623,Loam,Corn,8.845513525288935
24.722261505516904,51.80268697783962,67.50214549670825,7.027839349915587,35.10600690410313,40.110137978342486,Sandy,Wheat,2.924626622996993
26.920327244696537,152.48751712616263,39.64596645450637,4.6003297191411185,22.043448661741927,45.22548478843499,Clay,Corn,7.13039885339854
24.836526259529535,141.44362236071458,63.347295821215454,6.371736519516169,43.99417926653883,41.875688550362185,Silt,Soybean,2.7623749561191953
14.662789499800617,61.232119146831444,68.27828957733232,5.11665922302839,27.634626166314646,48.69477165022794,Clay,Soybean,1.903961854355851
24.55439980243606,120.69123415735584,70.20345312626444,7.401728697140274,16.884508621013183,41.253157530135525,Loam,Corn,9.039890394327015
18.477652497475734,84.91075688345971,30.948709462463025,7.284146416353498,31.88073356991773,57.3011225323709,Sandy,Soybean,2.104533361122419
28.348362744150194,107.90461645993179,48.57967095286589,5.601972773675541,21.48819517552515,52.959701184353996,Clay,Corn,7.984863728858165
26.83299123048424,108.8267238704048,46.826051207648,5.7339547975996,36.65334534508875,61.603214226605274,Silt,Rice,5.081654021918718
20.300601068363225,92.96776599051034,61.498304316138196,6.038732949501693,52.09605576042378,34.23588250716559,Silt,Rice,4.385672708835505
22.430665413316532,76.48703003240811,67.21116869651976,4.24720660526866,22.1342790844215,44.89489275675645,Silt,Soybean,2.9327023175813274
19.70393239055524,79.28376843051223,82.45065611168972,6.835968173440577,33.32372333223985,46.61416052581797,Silt,Wheat,3.664571004159828
24.68660451363414,72.51424253556273,52.575517794478905,6.227155453659869,12.444944112953724,56.83470365132892,Clay,Rice,5.76923007324116
29.775711602506192,75.04533375308665,52.53641252536179,7.4701750825678594,34.53905229441347,38.101682041894485,Silt,Soybean,2.1474758464808095
20.07136976832228,97.98465129851934,77.24508028318121,5.401590782037447,21.1428620020031,63.73480706387516,Loam,Wheat,4.9101734287803485
27.520232577589223,78.52720032667744,64.44865407795457,5.880877051750068,23.751653815655175,67.79623385776414,Silt,Soybean,3.318763721530447
22.348711908137794,120.4615619713786,79.01477266781961,4.993474741960885,18.98713510160172,35.16691478546624,Loam,Corn,8.28026819127084
21.03563583868828,144.61738466007782,64.33092004514755,5.495709436505747,37.32151226054735,42.636906576596516,Clay,Soybean,2.0356045086606587
24.464848200227213,82.59840275889871,42.64325071930094,5.3180180039317815,40.07304357473262,42.021027375618615,Loam,Corn,8.831970117180932
19.82378838790313,107.18213501606131,40.0030746783329,7.495973678846446,30.233852146585075,89.48579307016247,Clay,Rice,5.135915296447758
22.23175347326409,114.99055330908801,36.72731626411607,5.801738151248608,21.355732946642803,43.5514984218817,Silt,Rice,4.7299139434316375
19.010610537055758,114.16006812757823,69.9307775213771,6.624175684744613,45.89523036103863,75.16438163234201,Sandy,Soybean,2.709193149018886
34.82362566458195,102.27865803748263,77.82895234630513,6.119236596138196,22.49589872245344,31.000520073400857,Loam,Wheat,2.2905437391956744
25.176317759858645,122.28047255079167,87.74043212079572,5.230534733987187,10.0,35.15523550753455,Loam,Soybean,2.716898664434767
21.50137246003707,114.46746858041972,72.6465799848486,6.331699576828357,34.58389009957068,39.70093202227699,Sandy,Soybean,2.595391318143735
26.06989955367111,62.87012733018106,77.44257866302479,7.099103331863595,18.952253263584833,37.31466032830217,Clay,Rice,4.07735496720773
24.43835975154585,126.0746819316782,51.29975501019473,5.292240607456648,39.88608793499175,45.98151898762252,Clay,Rice,4.045245746917243
23.895152002333884,126.61872511800226,42.65376274884215,7.309112790731379,26.188623033265813,39.36832695917753,Silt,Soybean,3.040939939902849
28.070833500217127,77.10141687464255,72.7511899862633,5.650279078522304,36.03713240544196,37.7098761089814,Loam,Rice,6.269366395982435
28.787538550236526,101.13813506342807,66.26521128359101,6.017016073927159,44.01500346552158,67.37707994709992,Clay,Corn,8.586319400598631
22.34749426194736,120.49986978433208,61.61166561511339,7.030683123010048,17.91141135379278,68.35690433769747,Silt,Soybean,3.314791342998574
22.1209087967766,93.72058541261916,65.81057220949485,5.836563842780512,24.340628691075946,64.23944747562973,Clay,Rice,4.882198389868887
23.62474151424178,132.18934143298037,64.84778223687309,6.537574859335866,29.243289273429365,57.85998433376492,Sandy,Soybean,2.8152261867480544
13.490394176322075,170.91617483858084,79.25725289780343,6.185309171211908,45.37551319034343,51.39114598669328,Sandy,Rice,4.082989761892133
17.42404468900724,76.42041902095053,79.42478377225433,6.629368006703818,23.416172820595545,42.54453964001137,Sandy,Corn,5.645159164017365
31.834371337222624,58.568661905386755,68.16330528510521,4.119260894476502,24.05496304050993,35.70263742867362,Silt,Corn,7.441992484931979
33.22483856750642,109.11455786814628,72.68704308844393,4.670318184791917,34.78140575555808,55.44493555149031,Loam,Soybean,2.8071217856825785
23.75481980221811,121.64687515378431,67.71093828637164,7.115967006046838,24.22771274289429,32.39554411179803,Sandy,Corn,6.138723188226044
27.882784815278832,93.07400878465693,53.082454019480714,7.537181405649051,31.525258828976167,35.091186062369104,Sandy,Corn,6.167820164752687
26.556250772717682,143.59781989963102,71.3484701236971,5.589513296468478,14.484625790318733,67.29369884307215,Clay,Rice,5.225334025009744
40.39440404227619,59.84182600830253,39.082573967111074,6.255971647828866,52.143299425565964,78.5097356258313,Sandy,Soybean,3.086140489456934
30.597874557172883,120.78755869094833,75.80837328443825,6.7947192529023015,16.522907696905968,55.89942707249721,Loam,Rice,5.8844872433385556
24.360412042596167,81.8241753772332,42.082155903509474,7.193217601658704,26.782472960097916,66.59685728441966,Silt,Rice,4.405640467661238
20.22229779699787,151.5813371862189,64.28704930192099,4.472322728329152,29.675189641579053,46.31227523834025,Sandy,Wheat,1.919477443905831
16.96776839871214,159.77546059504354,47.32269062360761,5.613959753021623,49.12688134356796,29.93488720868474,Silt,Corn,6.6468558712268155
26.017318179336115,77.00030236649957,68.30083474611641,6.167420620150125,16.7515421906726,59.18257427927876,Silt,Rice,4.753541790935848
21.218246273578483,83.5132859227426,59.49112161108137,7.203140197236049,49.837041354787516,58.53933984905096,Loam,Rice,4.151637746846488
17.88873145201163,125.78763660939406,36.078660627550015,8.998430483721496,37.57176821102023,51.07502830820366,Clay,Rice,3.119123493800695
21.767135578787368,88.38608050631456,66.31049446527719,6.271994273190282,34.170953244232464,46.36436812842333,Clay,Corn,7.824083520513005
19.592259981928024,98.63766346203285,51.33118834750934,5.093022537896012,20.153663129820444,64.43315867871647,Silt,Corn,7.216728157795575
33.43570817536282,100.7616526162723,73.21720081220053,6.902268077201298,35.71141242038074,35.21400449858788,Sandy,Corn,6.697997170516223
29.408198784747253,42.40980531407031,60.019885331016106,7.82099578954071,22.765133775802,38.39329131664013,Silt,Soybean,2.6503503206052494
24.960136793416915,99.58486761717288,65.93131478082057,6.608014120979501,42.66661253198412,34.87840239859358,Clay,Rice,4.596229993130845
32.39972069445013,79.30816677807479,45.63646567477182,5.593351454845707,20.289379708922667,51.27459443953741,Sandy,Corn,6.500590942822984
25.38684153823809,85.20631532800684,51.16001652858957,7.457993941480019,28.86841505543916,33.68160481836112,Clay,Rice,3.0048544340564547
20.69357899335868,143.30896010406443,53.120420458483736,7.163545618498435,24.447269119868285,39.736367292271346,Loam,Soybean,2.6295705466197186
32.61562038634828,62.30479317162231,72.85053720363834,5.473919155804376,20.12477037573005,39.41366656659203,Clay,Wheat,3.03912964819438
27.694550218423295,124.39615560243932,85.16065631708234,6.881425617534342,37.413198169079145,46.09087501499063,Sandy,Soybean,2.6267956994030586
19.81376922836772,91.63111209004575,47.92242372385685,7.497265567658872,35.354587474096334,27.689383303940346,Sandy,Corn,5.304401035809062
24.04830660958196,91.60719494512497,76.1527221698652,7.681890042558893,42.09010198900997,51.308074880559005,Silt,Corn,8.894963549756644
20.621908733076214,123.71115688155135,27.454838734114468,6.433551024690544,12.201248917918328,68.70955475997016,Sandy,Soybean,4.03721354376721
18.086001345178317,110.20153883706672,42.08715898361566,6.141920553820681,40.64170702341044,52.032370584751426,Loam,Rice,5.152325827694714
29.630887737658206,117.11838991658593,45.618323157198375,7.727273822081263,55.054489053568936,73.11981717201981,Clay,Corn,9.226309863539827
34.54708320235065,129.04553981598582,39.712369658389164,5.2898394970191145,25.483589108230532,70.00997278815387,Silt,Corn,6.936987776898674
18.007162130904295,90.06074850450031,36.2461741531863,6.938579290921005,48.9514861210897,61.66602570871782,Silt,Soybean,2.7215788465349333
27.814846183452854,81.6328979647675,66.19498368206696,5.129973372635571,27.368387279401734,51.12028763955328,Sandy,Rice,3.5176670436530872
21.746787154390866,67.44548420326606,56.788984534082076,7.565376272259603,16.27590262438693,50.337505823681596,Loam,Soybean,2.948494572650494
22.56437308117652,75.23768410063134,65.69108096407665,6.241954484388838,26.943675575932044,61.4569965854489,Silt,Soybean,3.263959312540381
22.038030378805654,188.47283275926176,70.3570902918227,7.768583235647469,40.48203967675276,44.12494085743951,Loam,Rice,4.3525733685699555
20.68004615160092,137.34038742210362,63.984254897588,6.991412756355527,21.618235176684685,21.762188727988043,Loam,Rice,5.063098617358078
25.242608139724133,59.46776901375936,69.86644764225561,5.27677976993807,23.99661340993513,57.380060811544396,Clay,Wheat,3.778235041505407
20.84524941794481,60.326261297692895,58.95701570636596,7.924627732077243,35.935394322931906,33.03397055097543,Clay,Soybean,2.8371024955472874
26.352284128899193,114.45598185155474,42.19509917541383,8.05124526642773,30.03060116738573,35.56788157714423,Clay,Rice,3.821368597347004
24.748809452754315,116.417943921339,75.86721271231194,7.382286492599215,35.84622952486741,50.00335921993682,Loam,Corn,9.20248617133584
23.80525976566795,116.46651505952093,51.1633180082831,5.73841213496378,32.37829540758336,48.57312683669795,Clay,Wheat,2.20548523407161
20.46218168979201,92.35132619338907,45.966055518563614,6.193986045642591,34.79625319551573,28.818865905265547,Silt,Soybean,2.646318353544255
22.116143347158335,96.23637219991299,57.331231862934025,6.64542721740576,25.676988141904587,52.482373461997106,Silt,Rice,5.101467807783112
28.77695612912878,109.83638572478073,46.3078362105523,5.796289600668567,32.31730942030393,64.49209491291573,Sandy,Wheat,2.7216262313008337
27.504585938121902,102.57679018879992,53.73854427015851,8.192346572463205,20.726269943040663,33.074876446013256,Loam,Wheat,3.986340199873939
20.112223776007244,33.42098881757394,65.160808823452,6.644326471726036,42.884336225033884,69.08724996273139,Clay,Corn,7.5267166112733115
25.49666152714613,93.10601108274419,65.22512608869191,4.0,23.657252831826863,26.59743762305084,Silt,Wheat,2.3747186310632395
28.756935616858947,74.4578069721906,46.53254900361556,6.83935581275622,41.2884748754939,81.7598621655643,Loam,Soybean,3.7126936250099707
16.652973594393142,105.25634256725536,52.68441940576883,6.151842603182687,27.663930390171345,43.83109354274775,Loam,Rice,4.672770547486449
27.716800961899676,189.5577700781023,76.11499507155366,6.425073443881552,32.019990107573214,52.18425495240337,Clay,Wheat,1.8493041265915053
21.686881205270765,111.02444996422913,67.44600176600912,6.131380634214301,25.050354491092993,21.61949641271495,Loam,Wheat,4.348199631351194
27.852993342965796,90.59410941482807,91.12597559022812,7.3070464166066875,19.84004568831971,49.06795900296037,Clay,Soybean,3.660691819725271
21.183704217287417,127.65404505931757,77.7019226061229,7.619687778553381,12.552396123946984,53.42723266577288,Clay,Corn,8.430176447342589
15.975589496677404,114.48063661627639,77.16439602839908,6.783053162258653,19.446758414075404,48.70756843850758,Clay,Corn,7.065005744087484
16.862287810584185,112.60283471355524,39.181971743162975,6.160688812861841,26.76091146784078,41.553783844214394,Loam,Rice,4.682478577582867
25.24042473330691,118.20551779647013,71.45790527450134,6.45866279519083,32.11879178828884,35.80153222208278,Loam,Soybean,4.263521355688593
26.29861250860741,161.69630694488623,59.20339797454634,6.519599616577628,40.103793132832635,66.95789929305967,Clay,Corn,8.963397178149414
20.478416874477958,66.07334694022254,51.73527294692626,5.697569960135163,25.542425402031512,50.46210702496925,Loam,Rice,3.9454246672330826
28.19296229388687,114.20896230434363,62.52023010798793,7.078928648571235,21.18039235732826,73.11128564775159,Clay,Rice,4.438156296323467
16.6923996886552,72.20856610055384,74.17817301917225,6.960042323860466,15.572852139972875,42.102764678076156,Sandy,Corn,5.944579016356424
24.66960100676342,116.66537939026745,67.51247386506317,8.040441239776673,34.800636179041035,43.478079599416745,Loam,Soybean,3.109414577095772
18.944919001187717,72.43940465541716,46.8228929798691,7.7553497802884745,43.83194515329343,62.23391366894244,Loam,Wheat,3.950796244732576
21.740819460989204,87.47899559184746,71.13688370388931,5.814325082409869,42.66330267956289,25.65537556994654,Sandy,Corn,6.259907747834529
25.23699335658207,91.14730257286281,50.436186868860545,7.3202983745089645,37.09932748147237,31.798049597706154,Sandy,Wheat,2.7372439839638525
20.69793317358024,129.27450158034128,63.250246784464295,5.549046616905528,36.38543317267599,66.46227457029745,Sandy,Wheat,2.590905253027949
23.077222278850872,127.55363331827242,55.44974898784299,7.1959321009408495,46.97623779709341,32.420991061652074,Clay,Soybean,1.766913520916869
30.0314640460722,62.62847870660847,56.71700622396561,5.983385801239892,33.32081461416811,22.714234770461786,Clay,Soybean,1.854634345921464
22.115540652384254,101.64802332999547,71.49364462560764,5.476746776624416,36.461296760241716,78.02790782109636,Silt,Rice,5.973471990655909
29.17846056032571,78.71260435752482,44.39709420276153,6.780045342697404,26.79216138148001,29.092735281886917,Sandy,Soybean,2.806648945559305
19.351465726711908,62.244852679739964,89.17792611415399,4.0,16.379566291452427,52.76179097492255,Silt,Rice,2.9571370899545473
27.649020889576413,93.48948848726889,32.68370896058255,4.749024425594772,23.161510995004235,51.03627789086407,Clay,Corn,7.754204280852096
32.207843103289505,90.7455163463254,51.03498475117714,6.322508116225717,29.908409614653447,7.840575250728747,Loam,Wheat,2.772732536225641
12.641777499363553,172.80149459036568,65.55317834912611,6.582441766634842,30.60785372501303,45.990244652482865,Sandy,Soybean,2.219356421301427
21.015523722647615,112.98879476082088,68.76471249652965,6.130681229841811,49.262858548553936,56.72619874218664,Loam,Corn,9.345363225644668
27.8853606359027,58.67147497737288,58.492864191424424,4.9205637012824015,30.812771675910685,55.31464072278291,Clay,Rice,4.480285683803005
23.984773069785035,83.05677987487174,59.13913945497686,5.682108157861494,41.78843444025644,63.55281025705253,Sandy,Soybean,2.8729215777216277
26.855729366856544,130.64149886288195,66.15825127991425,6.8912093272373935,25.64922758423684,44.18763027641849,Silt,Wheat,4.16623833251273
21.980074066420897,162.65328318609775,56.533957838134796,7.081781770628362,26.883241142347657,60.68756663138241,Silt,Corn,8.265479275883731
25.4329489373645,52.42050063286125,80.89771886902359,6.483776882404059,16.70992362776552,39.660063978798924,Clay,Soybean,3.8753680281848837
24.221613823039604,43.60226844582865,72.59023671347403,7.656833781036989,22.576719871234282,28.842988753808374,Loam,Soybean,2.300375499224551
30.838910308299035,156.12895526115346,73.09236526508452,6.897397023459234,35.269813913637535,30.53407436478151,Clay,Corn,8.295870448408285
26.272104216506065,111.68842532112711,45.50764914944374,5.7525443460417875,30.075601803941332,28.06834317206878,Loam,Rice,5.049518368203356
26.68801331037601,73.951218043709,58.809173633914455,6.219497946588382,39.42938619897234,65.14378951836791,Clay,Rice,5.125955687102666
22.940615169387662,116.03887258367305,55.493010769189446,5.097133842792145,31.812539483450504,27.281397364121652,Silt,Soybean,3.19539149509027
22.561968879637533,20.92756782949367,44.915979364658014,6.391861009608583,26.47546268362258,54.11058260973955,Loam,Rice,4.05450780909216
22.837209060901895,100.10126519791483,65.4024627591865,7.612100619221339,51.48296863786959,46.01113708891351,Clay,Rice,4.250529855889638
26.972260711891483,109.83463518529256,51.935313633302755,7.185290084710968,29.06096431286953,48.46027139824053,Sandy,Corn,7.150549961773447
22.895077595898684,127.72810418613489,69.83105744775355,7.902009325919122,41.63000969705304,70.45410942799549,Silt,Rice,5.0348685174519705
26.448874284482066,69.58312143122387,43.947126556585026,6.197114756201007,25.987907934553224,43.4235894917709,Silt,Rice,4.332355564149633
35.37700399322719,102.57061484210077,85.78560919262732,7.846099794514258,37.095994793835665,59.174023423245245,Sandy,Corn,7.358577200341874
29.355623517158463,72.23726121821238,46.555010121119075,6.30669577355203,39.28015659151687,50.56345027071668,Clay,Soybean,2.6539612099864964
23.369882339160796,107.66151267022951,63.28953505800654,7.971585082569894,32.08491970575581,47.71971641550953,Loam,Soybean,3.9933337017410304
31.006069610819722,73.13961032910927,71.87788965582101,6.478143252557876,10.0,84.4995368657971,Silt,Corn,9.517384308599821
22.959623134892244,87.75697482519338,51.44039354699831,7.207231373804277,30.18252460856113,28.379873814269455,Clay,Wheat,4.490894122443935
14.80937732411073,70.12553815629313,72.78702965149427,7.975112364309855,42.304600477599756,69.33697753156167,Sandy,Corn,4.948335546732585
19.95956844541298,119.5340872547097,41.562246032993755,6.3065723714187945,35.2748083302773,59.84609848234958,Loam,Wheat,4.127188814946454
15.646040394870722,125.75353349969996,81.7817654877384,6.7183889875441745,34.458388752292464,42.807125080523235,Clay,Rice,4.81505891190327
23.24243257979346,92.96138290127759,60.212238974486375,7.788863425206302,12.777430660424809,74.43977776162419,Clay,Soybean,2.5597013523063
25.092091895947757,101.14713984880085,51.05382888046681,6.366996836069936,22.795449293249412,22.27834831417195,Silt,Wheat,2.5551553457154164
33.382186561376415,56.542257560993676,55.51227341358848,5.179107717493839,34.11357631151439,42.17350014051392,Silt,Wheat,2.0660738876737472
26.634636868820813,91.00970055979639,72.13378904089079,8.64300705458491,34.10383276786892,31.872766935963856,Loam,Rice,4.33592083125552
23.90449735595568,98.49386148874765,51.23317062224343,6.030235535662863,42.14666780132902,56.1812519730719,Clay,Soybean,4.460243694600302
29.147027905917447,178.62379273089925,48.759634658658335,6.6587560509375425,28.551332448539057,33.30403848219234,Sandy,Rice,4.67069796612424
13.944323454960575,66.64098922677509,56.67695103624393,7.656006669451127,34.058240866738146,56.49595920111979,Sandy,Soybean,1.532070732420722
26.178072790542828,143.92531716257312,42.34556830845048,5.891506096268798,30.163742419312936,47.20345376267669,Loam,Soybean,3.7861951610470093
28.854325969434832,129.90576320397423,87.30815861912723,5.49213208677787,20.130572634984432,42.80969086015874,Clay,Rice,5.271548331222536
17.607068771100792,108.41909213470409,51.50408113177915,6.753737296774833,10.0,55.82970869049966,Silt,Wheat,3.9868613922707503
30.718770216034645,152.758614525854,72.47425179270606,4.706923602087611,34.31009692130077,45.97067564092904,Clay,Corn,7.334419043024708
26.69248203747207,111.16316417820589,63.14205125471659,6.2120939231320795,31.739472084128113,33.670477354114425,Silt,Soybean,2.3710336061599877
22.923560430495993,111.67477587003786,45.23198924277048,6.745038664315406,23.818249578998312,92.02059484452468,Sandy,Soybean,3.3440750640905414
28.163909330531425,98.40638040947364,59.91067936180906,6.230048103174836,13.80826943484135,42.69249225456283,Loam,Corn,10.7232216948798
36.35346428902198,136.70706647255884,71.76004168966122,4.956549056814253,36.29739514408738,16.73586379771978,Loam,Corn,7.899280666677904
25.909331275292477,132.8940770143265,57.1760799737054,8.094177956204012,27.34079925804448,37.368519654179174,Loam,Rice,4.933451237014663
26.24110293150168,81.22968137511363,77.89669418776542,6.6035381539491755,35.568747223681456,30.99084967440905,Silt,Soybean,3.9153187113015484
22.70319550229878,60.422584162036976,75.32273089172796,7.931152117761741,48.64048530411758,62.39218424060773,Sandy,Rice,2.809960835003183
20.75077815267604,93.91058087813029,73.78372281987494,6.239963749819555,10.0,54.82478989387379,Sandy,Corn,6.491154130187921
29.151679082721227,75.99884306807061,53.10514841590505,5.619988018309236,23.00399191297636,55.980692026855166,Loam,Rice,5.670673460853058
20.719580870455665,98.09426276153934,43.8023632832777,6.76918092025516,27.906243866880867,44.449663012441334,Loam,Soybean,3.450276814041568
25.357831186096963,137.12314404052418,50.796185919558084,6.28421287367178,44.548261741466504,45.80974629414618,Silt,Wheat,3.4516682151546747
22.611712766174417,86.2809503473963,62.94361411000081,5.322238542008642,13.635969807935151,44.43603344588497,Silt,Wheat,3.5820121941197334
27.39489912873196,98.71529856065276,68.18680070298534,7.969784258787495,49.358610256806045,48.782102237967955,Clay,Soybean,2.3887414642060056
26.66831052643474,101.74068204425186,27.42642892859329,5.877729777106004,31.358559015662905,62.53000153047253,Silt,Rice,5.214441733187973
30.187699721289498,125.45292646615854,59.878301975823746,4.6597336152044315,29.039993382661418,55.0411311875802,Clay,Corn,7.24321429880685
22.449918005726264,32.59331998046184,62.371338379847764,7.828166053957332,28.019402367810937,57.501692444313,Loam,Corn,8.321051779512915
23.650625323533145,81.7989911570411,55.836836155266724,5.995701984187376,25.63736967819971,57.49338362373804,Sandy,Wheat,4.288774423085785
20.106181421088465,106.33851076838418,79.36910758523818,5.892176107384376,40.48116759269155,63.26663656072607,Silt,Rice,4.394912436061371
22.77853369961944,136.00236869280585,66.32670111376306,4.734612412970026,19.314792459175614,54.32225062310382,Sandy,Corn,5.648812159091703
26.88650246522426,85.24292657481385,79.65287862121346,8.240941486596991,33.454141816438536,55.38272109018378,Silt,Corn,7.714769284173254
28.78494308322676,43.70341881874378,56.760592194746515,5.210519412790313,26.158183342930243,67.83209361789736,Silt,Soybean,2.4544559045785994
20.389173379111874,118.59134337898409,74.06216238760388,6.55844948070565,22.378665514859023,40.02431122995332,Clay,Rice,4.793346757263004
29.3480296005283,80.93912833523112,84.5259959179128,7.41262032254044,55.85975175683896,37.16386130072739,Silt,Rice,4.457166934388042
31.778189294024756,64.31000022728915,79.67540173908992,6.921716933003097,34.1905073475346,32.21117601219716,Loam,Corn,9.724412273718869
27.067174516118506,81.26963830860328,43.617876098569,6.440345688007809,36.13265544661144,52.74371845430384,Sandy,Rice,4.828038509886176
34.38397906279033,94.46423927032451,56.194858836864285,4.7983341417125835,41.37776780668662,22.19401638171315,Silt,Rice,3.522751632674065
21.131054004482134,81.85766006385361,54.822529418253055,5.690275164232716,15.786500546814528,56.93231144089516,Sandy,Rice,3.9179064293669352
18.776726483442914,33.833018287027926,67.3388180261449,6.687800338042522,47.52291909122032,48.36210358249171,Sandy,Soybean,1.9883059968230594
16.106398755478608,126.91198590661396,70.295303325218,5.712825930013004,10.0,67.01959549731585,Sandy,Corn,6.4357167377194795
32.480221557445915,138.24625123836165,47.41660988961395,6.703359459998768,22.312335899614794,39.92124034302514,Silt,Wheat,2.3855433105577544
28.27182828177029,119.54565974018517,61.01757770875407,7.181743408815142,25.409683268210998,46.9502257187374,Clay,Rice,5.504000215470912
24.722076645447725,65.8694298872555,29.701090017657954,7.4625028858001015,35.81723364970506,66.83304999940053,Sandy,Corn,7.372875554756622
26.399843131599102,93.95525398157446,81.62917508702834,5.273820642187316,32.18718266141488,70.74703470167228,Sandy,Wheat,3.66016357212342
19.372554763508116,99.80436054311626,52.314386389849595,8.696646054978954,28.331852593016066,39.797714513722696,Silt,Soybean,2.4938986452096286
37.228759898084135,117.9638316868573,60.83795909766746,7.267479344554131,29.88002655372276,52.7267184888074,Silt,Corn,8.189073743177106
25.646105909876137,120.05021466154243,55.35525429017908,6.498285846330936,20.21976976477432,54.41628466526072,Loam,Soybean,4.679855295517759
25.546973973024464,77.97478603664513,77.19041362520122,7.58953658307664,15.027676055158267,55.604801084317224,Loam,Corn,8.690065301437903
28.62883311949346,102.45986669240682,20.0,8.865407771999973,37.2651162233606,46.06136511026567,Clay,Soybean,3.301527197040163
27.405046158683568,113.71841213845724,59.75084486511137,5.0612798989431305,36.93706112536185,69.22075097185453,Clay,Corn,9.444949119510797
26.119420121395656,143.67466966440298,58.41271863753453,6.274737357508647,45.84494375157058,21.65444774567682,Clay,Soybean,2.75482912322758
21.04762772277344,121.1351961947417,53.195454186124756,4.121568340126672,22.099829031847918,43.68304647798374,Clay,Wheat,2.4925069523448466
27.357341785679978,123.67170062126557,85.89339818453449,6.692651532648025,36.928152103009225,56.7189609915942,Sandy,Corn,7.682738171114636
34.41012248237517,102.51479883788083,46.69005811716343,6.865394241925141,27.16293271635268,56.858372179240156,Silt,Wheat,3.26371650359766
31.727100230774887,142.3137743561051,71.57694265853492,6.4608378845572405,41.904749851934824,70.29138545922144,Loam,Rice,6.981870670122539
32.965933133196984,112.29288387878492,65.34379183059126,5.84546642900169,40.219627766781414,67.9733808980193,Sandy,Wheat,2.137023640081222
22.443921617844076,74.16736269479289,78.92278878803273,4.450485483811675,32.11209399224457,45.71687562039165,Silt,Corn,7.028496638420896
20.051975898707095,142.10109910375573,49.99216372833742,6.873533683411769,26.604698433340133,69.49806865295906,Silt,Wheat,4.163099399274222
24.37106539950176,120.93709817617082,49.00546651314362,7.955434483915325,39.60932178608262,39.289373843338176,Sandy,Corn,6.668712703870808
25.278624561443472,86.70867936614553,76.44104861216098,5.908981544266568,36.469045232565655,63.963310741877564,Sandy,Soybean,3.453464618565924
30.470957592354743,85.6152109780227,66.37981962495165,6.940059929023145,23.155595979138173,77.1578371763149,Loam,Rice,6.314430832585158
16.537676851425903,108.89726635422285,36.82593979984862,4.931855686579949,16.72201326520569,68.22416160282454,Clay,Wheat,3.742207116699966
32.64775159730307,113.89554385802754,51.91042478305094,6.957213063692514,27.114670993182038,51.58655575286185,Clay,Rice,5.210229110843907
24.209960507105052,105.9187679689362,65.79573980772092,6.106617702255343,45.154138153482094,45.02331842341817,Loam,Wheat,4.055755006159369
22.8655946502629,109.33926020328654,72.56646332319883,5.737582049397085,41.46487158733038,27.071130556110706,Loam,Corn,8.84958763020859
19.93947812369916,150.99872123729142,49.811540202105675,5.739636358783869,18.876725303294194,54.65809456871306,Clay,Wheat,2.4239561545257065
16.725716640671152,132.14629456704657,20.0,6.10638841796699,18.32242584100079,33.27174158043621,Sandy,Rice,3.212096974496316
29.115852919809573,105.71906773795072,67.8483477860555,6.882433315692535,42.746838496794865,38.10298004579095,Clay,Wheat,3.446285233646422
25.36658983594202,128.2393174230245,41.69518965084036,5.187836798804482,18.64364095242171,32.13881298894992,Silt,Rice,4.475638328075301
18.55019550129473,69.02428289417381,29.739918028163828,6.102884668432147,35.09295323642008,43.094115010150176,Silt,Rice,4.468919099980881
18.52460613968192,111.93781149840427,20.0,6.458528222000853,23.839287846636765,49.58045878269527,Loam,Corn,9.201445126589247
23.32107650354936,154.2791904919933,72.20971290296612,5.400960775468141,46.17044924521683,54.10421871748558,Clay,Soybean,2.9655370890454433
33.34510762644696,93.45862313822879,61.929261756074496,8.296665201675017,22.29575200862121,40.99240046879055,Clay,Soybean,2.5179609654287805
23.702043243181976,74.57098214142746,56.61515428931622,5.6465045199386585,41.433615302058286,66.03925559592776,Silt,Wheat,5.340971373127666
17.48428523440947,80.43733334220818,80.83536544444142,5.830563086366509,31.848586540603648,46.876921130150514,Clay,Rice,3.728004568208114
23.77128467957028,67.31100887972835,69.55987024534609,5.521692050177502,32.52194854234287,38.18416350101721,Loam,Corn,8.114891178800006
23.636382151261646,76.4571427561689,84.24450064082875,8.298480087138117,10.296914186485992,53.39438400865154,Loam,Soybean,3.446615575793226
11.515566785292142,88.88475704229913,39.10896791749505,7.0529052285994815,10.0,79.45329250315724,Silt,Corn,8.28588116269984
24.72852566741094,57.832989424640736,59.481740640690546,5.563407993756358,27.794340597326862,55.027408498026766,Clay,Corn,7.522160272712904
23.84532734895661,100.46855001848809,35.749299375779785,7.606231558859969,32.46906063416612,44.55716558939589,Clay,Rice,4.647786536741683
28.48103182406709,127.06831521359942,56.55926502216799,6.700698694288878,18.748021722622767,27.08807965821944,Silt,Wheat,3.4369899390917067
34.244780474726724,72.76731459559238,56.27076219349984,6.757253421111502,19.11306589523658,46.70881518541894,Sandy,Rice,4.382363786035456
30.632825147738785,145.57851770925305,69.39920455894607,6.155522791247547,35.61472629826133,53.52392187632174,Sandy,Soybean,2.660212661769115
23.655556547225846,115.32376265582784,60.683458217128475,5.750584013043027,35.628544804571305,44.18628663116645,Clay,Soybean,2.7720988882025757
19.467370456291647,130.9174175687217,69.35110707419874,6.837766099054601,28.62258939612073,25.019230426385008,Loam,Corn,8.702160619018482
37.8667990162493,80.26496338443589,70.55160199708341,5.95491277000441,37.80201721186075,37.241519157448494,Sandy,Rice,3.5688715038650916
25.29609217007244,125.63575681199848,92.32393016074712,8.316755629575106,18.257977042798537,71.81807691331636,Clay,Rice,5.268061770651868
25.06964645956473,67.2419829881406,55.270550170708134,5.230708894756896,26.44065082913029,71.51001505595691,Sandy,Corn,6.8329639636917205
24.879374564449982,126.70742502509526,45.88465949000431,8.036156772854945,46.47877605783673,36.70041246193103,Silt,Wheat,2.5209641728449093
25.990423803839274,105.15518019380593,63.691254229746136,6.388681151202199,30.683221299398177,60.09135180799133,Sandy,Corn,7.555464670573181
24.278197940380288,116.5975365995435,47.96579959290685,6.799085734021106,31.263125145869992,32.321408228447396,Sandy,Corn,7.031872532858688
22.131689965598817,64.73216183125444,82.22941152654803,7.3331577666294345,53.059465859677395,71.06474422992429,Silt,Soybean,3.455011644363435
22.26570529379804,73.14790473170186,55.751729415821515,5.869750704995564,16.00657834151229,53.678537718413544,Loam,Rice,4.426987112132633
24.836233648920008,117.91684654760155,51.51635448189015,7.364248384698636,37.9643036664211,64.24462247924801,Clay,Soybean,3.4665201392930323
22.282876144331176,71.54955987327398,52.93026418273323,4.0,46.639862798081,24.273599792261916,Loam,Corn,7.791922239850501
21.435771086614178,113.8961887629737,70.77626135207461,5.7800104667780605,26.751420735014538,60.16455652887332,Loam,Rice,4.618835301821452
25.532151138459483,58.98586580619263,57.63379525152772,5.575937192658935,38.596307868548465,49.88488904473245,Sandy,Corn,5.295942664288944
23.725113912895722,125.44522638000004,50.37499769804427,5.246493987628238,20.17980502789095,62.77893606186264,Clay,Corn,8.900926267612954
32.51996494291345,63.02430055694473,84.98027876435296,6.285045161921049,23.132676044326484,63.72301697146774,Sandy,Wheat,3.2667832407311965
11.745150958034941,116.5689981303857,47.15745239007375,6.8857499681816945,33.849664160476344,50.98677034212124,Silt,Soybean,2.5390505385112676
30.45753425961231,118.76892800938003,60.5334911104949,7.202659998499306,37.9856667311059,40.98755541356128,Loam,Soybean,2.6996153750920757
31.230425962488145,79.09684544711276,69.78459227415345,6.740876757200407,41.20936512406246,61.69544273269241,Loam,Corn,10.179657861933647
14.633048837959253,117.4607970125418,35.529973343743904,5.834306535106453,45.69628586939493,49.097682508923086,Silt,Wheat,3.1754281751863775
23.286562029598258,107.81326790000668,67.20390752108888,6.8690164378251675,29.325534414448178,36.90822569708536,Clay,Corn,7.168281388064818
23.142795670021044,83.83474431421786,44.17338486779326,6.624285694850851,41.93611755172588,36.19771652813471,Loam,Corn,9.944677032962252
17.962441526410892,69.74335947771375,72.34174171251004,7.436056167936016,26.57695156550851,27.842533755314275,Loam,Corn,7.866971933055912
21.110916562045624,41.121229249822626,45.56023482121536,7.276936702931517,39.02091311588268,42.34563260655405,Clay,Wheat,3.2827062663284767
19.447120772670857,110.48950141899081,70.3915354777329,6.530476413920629,32.074887978521815,66.54038069111567,Sandy,Rice,3.9693078484270483
33.761352217118116,53.05591685913834,76.58749599442069,5.6027469938387435,34.45677907081924,52.667446995581514,Silt,Wheat,1.651535430994385
29.678391965737305,102.86032598323925,72.92154788449207,5.847049844167919,34.235078740220374,42.053484411154386,Clay,Corn,8.472026973381391
31.357775474970794,92.09655351753253,63.769749723571536,5.950210640361966,13.952949902021878,62.0728390727012,Silt,Rice,5.382678692936116
28.608360320216175,120.37428326314586,56.53048585605451,6.184733666083744,18.758781411392267,37.51285067414917,Silt,Corn,8.431004915705232
19.354741143913856,90.93863501530407,51.35370635497734,6.7680504275897535,31.025414398175226,51.430254114991676,Loam,Wheat,5.258322746557831
22.37739866860113,90.11656640958726,82.06552036225656,7.215174390128058,13.127209203588315,47.30554440911727,Clay,Wheat,3.2576886526644078
27.44687280613959,121.95612112864887,49.50757169748535,6.448881306984623,38.31211103199756,61.68695938382528,Silt,Rice,5.374042094885457
18.889360955540273,110.05174087252352,44.44400889645006,6.5161247879004724,38.71555966288142,26.341574436207488,Sandy,Wheat,2.4061123956468013
28.56499215086194,109.48467871548334,69.98053402549245,6.643306305000004,33.2717055287779,37.24703381278016,Silt,Corn,8.372237605938462
23.798373009209325,114.07802769425578,48.05794795220257,5.98409468686766,18.78865987242078,25.426315113581996,Loam,Rice,5.057459220457035
23.125895962252013,53.93283630378683,45.74904753800809,5.574607742357044,43.80138938868515,46.10604917286095,Sandy,Soybean,2.56850520971617
28.554799841017456,122.70366039960946,38.34593606745352,4.74456210268929,50.37210639718358,68.17141255448647,Sandy,Corn,6.821753095134614
27.2213165574302,118.37406382040807,52.75635240809223,5.804850641923128,31.47076827445974,42.41829185519709,Clay,Soybean,2.7562409965409587
23.1951691709046,69.49950614270509,58.7592746415526,6.973145453267787,35.10535378451236,42.339740927065236,Sandy,Rice,4.312149694933421
30.79664901682124,92.67758578977396,63.64637591491048,5.797088561960432,32.01738654796044,63.07586636276204,Clay,Rice,6.462992660345358
19.594683362000513,98.82078137117107,74.26959366449225,6.26219296257406,35.303691889987995,66.0282433768295,Clay,Corn,8.220980834676393
28.07967803472132,95.96509646794802,67.90346885498691,6.966431287412317,28.80441243373604,48.671433990968154,Sandy,Wheat,2.594370966822713
27.96550628984192,110.01579899705604,57.1369167067023,7.020689496422669,29.654357601561966,60.27072281074838,Clay,Corn,9.579505392479533
23.452267803430047,142.9410034549355,57.0270648543042,5.4204671478339606,39.057176004973655,33.8456818868308,Clay,Wheat,2.139131843597004
26.63066511121059,132.45300183018486,67.65236203372775,7.497059356453642,53.456241618964405,70.66961500888121,Sandy,Wheat,2.8571046717054283
18.744432118073483,60.63342419705781,79.08855244392853,7.6273500893554855,15.999287655982613,82.23059440905577,Loam,Corn,8.397076253428184
29.620135096034506,118.66209970918146,61.894712992248,5.370150142781441,28.961875155970333,57.818236867830876,Silt,Rice,4.660306540217359
24.075489317785056,139.8679995860623,52.96303718684386,5.676163130358846,18.19539514767918,18.735025679857994,Clay,Corn,7.231638898233581
22.386384897404803,111.60425562067608,45.10700998371682,7.691090683146191,45.920248985760836,41.626546064033235,Clay,Soybean,2.3274954736543063
30.245046129184445,132.729412755579,38.32192103381662,6.353146478744699,24.122620306801018,59.19237982503982,Sandy,Rice,4.973665031782881
21.478281547286205,160.36811337102296,69.99404508065285,4.280222052548149,15.56799206214206,43.67775504250456,Silt,Wheat,2.4214017319787886
17.957693518182204,130.71128638320943,68.66967785459336,5.100318495267314,36.38186998848573,69.08297831375147,Silt,Rice,3.9740351677980117
17.216854132380483,107.47925786925187,68.66045287659992,6.2506303748275185,47.44311114743111,58.822358966537976,Clay,Corn,7.662983680378152
28.030049756728197,131.3526542225426,58.07010830471916,5.336957349715398,36.635978685607625,39.40286748851305,Sandy,Rice,3.900641020023161
18.597853237518585,104.34663499290673,81.10402118837627,6.086576229363558,32.04797877281917,50.48397216156879,Loam,Wheat,4.666130979996574
33.77397090992182,100.71709129854867,52.73822258122773,6.532396213683579,34.09140922775994,36.59250169041365,Silt,Wheat,2.756869222456722
14.59035296058139,89.45757292858802,74.32903855810808,7.962254604034729,44.14840662825554,47.261226823813374,Loam,Rice,3.904555874861302
33.48228184145019,146.90240076496326,59.41885657515685,6.209546083772211,21.2580072998585,41.681101393511724,Sandy,Soybean,2.4365451997207255
26.05508733601309,75.44714002173995,50.87473852980994,7.572541799572759,28.88152895913687,67.62142700349557,Loam,Wheat,4.653424008715936
24.516434440648037,145.97103174034348,68.88795460976642,7.92876016203677,25.473098514904667,81.74018085246493,Sandy,Soybean,3.6707690387366725
22.275404565955252,114.99592371221114,66.1445417802599,7.934309669352076,18.3213469270829,28.53217500146372,Clay,Wheat,2.416293531762645
26.995680571760353,58.02081475594176,65.35459138900389,6.784754593385569,26.716247405831975,21.151755706853717,Loam,Rice,4.551322250634721
24.81182648787576,111.02947878974265,61.219176330842984,4.5367108521610255,41.077210959824484,46.32241367222922,Clay,Wheat,3.7349756629898794
30.516509410082605,36.99920477045128,59.431603774247534,6.960824865403866,35.66602148392725,27.223764517569762,Clay,Soybean,2.103745714051081
25.571138243310198,118.76524050493107,95.82557989305658,7.548399887813541,36.443105001082,50.69317405506376,Sandy,Soybean,1.4025108164483013
25.75150880730939,126.55694448966973,77.7638496779426,6.418932894564583,31.46475611653318,61.2340417070889,Loam,Rice,6.283420790059749
23.18193893893072,82.2293213304384,70.84240342478267,8.244583870075248,35.23323782728588,72.41212845900237,Silt,Soybean,3.1839075064215043
24.715271881394663,103.70643087866748,61.67698737305082,7.3598335614674575,21.994096576518945,53.02091838072921,Loam,Soybean,2.637317127241854
26.539008844460295,158.62472301250858,75.10735800895003,7.068273377152784,26.90490114072771,47.10267162725631,Silt,Rice,6.065032678483822
16.449158036716874,84.8275988721419,67.76992164587178,7.5863807112058375,31.92004236968677,20.324226251403736,Clay,Wheat,2.403077752442623
18.259072889471433,68.23277238830198,60.39307129161053,6.833369851260878,32.775158588818904,50.39277723778698,Clay,Rice,4.013687189549222
28.716320470113576,144.44990207387798,55.44653512101127,4.007189500604646,33.20187854921873,51.06930890824192,Sandy,Wheat,1.658366351534556
25.854327190639708,158.87761571592384,58.786239935059676,6.000861048529634,28.61664717983622,59.58435221319118,Silt,Wheat,2.6237329827034106
24.080083318236603,100.11087015543542,20.0,7.697168027247853,26.225765988696704,39.37267847706363,Loam,Wheat,3.2429582458212325
25.092169665326967,130.3438910622507,63.15901258946462,5.692408659901704,61.57771283044298,43.474210996462105,Sandy,Corn,6.163528710404302
26.737908526808354,140.24427746592642,52.672858798344606,6.2765274947630605,39.06787272932399,27.829966170437235,Sandy,Wheat,2.949059374033708
22.301201598453193,77.72547302384848,83.89004997424325,5.455163686096929,34.13147475952623,15.630607896739022,Sandy,Rice,2.62680845039052
21.108476372988438,85.44082493896396,60.29016106217632,8.28392259520177,27.66791501793606,33.37254363804825,Loam,Rice,3.49447162139021
25.979226275488408,136.92623539464205,42.16554870697557,8.181492457418015,25.487811730561234,26.445112786204753,Sandy,Rice,2.962748801657983
20.10813611192484,150.55042836125529,59.251797688078234,5.616131104859271,28.691994062730444,55.050684431309165,Loam,Corn,9.455138655400726
27.041263778572358,116.88642580523064,44.30818372406244,6.647298000389084,32.92828843586683,42.22798914999714,Sandy,Soybean,3.6993487103784695
16.4870819788108,73.60556939493837,67.101111235687,5.819505952235953,11.195644559369185,41.92644304887816,Silt,Corn,7.475417678279344
30.14577818662822,159.61183335098323,64.36421046509228,7.114944639031378,14.306104046253163,35.23380430737182,Clay,Rice,5.724962951055841
27.362987412065216,84.07087306564107,74.36759446662401,7.009683077242329,23.631176110610426,1.5115185123134935,Silt,Rice,3.997311324423394
26.28014867156938,89.94586656485644,48.13677312458152,7.311705571613265,32.071394367785686,72.62466123121325,Silt,Soybean,3.310115328321308
29.91345491972757,110.27013503468865,60.5101214434222,6.831918447707888,27.607268528481487,34.99594215834817,Sandy,Corn,6.613326587427584
33.32737222231288,146.62481262144323,39.52467306860047,9.0,44.78121226099484,43.81369895225139,Silt,Rice,3.917854781354953
30.07185032509065,125.6192792965667,70.52242172887071,5.472076234989261,15.176032130042312,28.176617520660344,Silt,Wheat,1.3734365879407502
15.795628843341774,112.44596501085731,67.78306770660183,4.789396645563485,22.486545303966295,64.5789551516095,Silt,Wheat,3.51990236962222
18.602115166321493,113.89865590354319,67.43707531541357,6.106909799298538,45.200917409911014,52.15143405555987,Sandy,Rice,3.33723608816854
21.875907111521606,101.30544005930398,60.024285470354116,4.932011734439732,31.31119324675147,37.60452072101197,Loam,Wheat,4.338711981472677
25.13045525105417,116.74418543555518,66.22159336183186,5.007537729994008,38.848425828011585,44.11655582983964,Clay,Soybean,3.322576852723668
27.588295102345615,24.113197669170916,84.06508662462895,5.498685345802033,50.51246943269463,75.17269883187305,Clay,Rice,4.781117124781458
21.371280934232672,91.10177622790604,55.72358614436979,5.577811094568372,23.061955820981773,48.90545852178082,Loam,Corn,9.189012889901024
25.93383382238539,107.23965804750343,62.07967775565127,5.54538189804994,29.00685662207968,47.27399693576141,Loam,Rice,5.063988091764626
21.22308533823339,65.46957749141478,43.70810551227885,7.018218950445411,27.275730990691283,35.87927770791102,Silt,Soybean,3.5644054633183337
21.942410985040258,111.5896995343468,46.976085576025014,5.993810938914664,10.454069955167245,21.581282742915455,Clay,Corn,7.510231933639659
17.96669451575889,93.86586337041635,61.46719939639961,6.3204854251275195,26.89603196244031,47.59941989630983,Loam,Soybean,3.557639197898123
20.38383376944548,152.6642709494647,76.55900320052861,7.394232774500935,38.81062187380665,54.88227668486927,Silt,Wheat,2.937731647113499
18.24157697191833,147.19059175644568,56.155787636226414,5.733677475218574,35.40589541812241,66.49376696491504,Clay,Wheat,2.9333832261464843
20.120633735113337,86.02583292645511,56.46125206031814,6.235454101295278,36.1908316938801,16.27255198250517,Sandy,Wheat,3.0597247199703523
30.268208983039198,95.47486865299913,53.89672133243438,6.8657599860929155,26.244910193605005,33.12355509465456,Sandy,Soybean,2.647266086006175
20.253005555840286,97.78157303174822,51.978649937335156,4.558432199379778,23.439027639943586,41.28888364165324,Clay,Soybean,1.863433875473176
38.161910324186955,86.45021571521131,64.42457183563232,4.115094491049417,42.692556718986204,49.94778727140197,Clay,Rice,2.635600756298464
27.466589504404446,105.8507495208438,37.54113532232033,6.846117328797723,25.026828536423302,47.82449462707366,Sandy,Corn,6.427214573877717
25.92418061847437,77.25153793337229,79.2140936500009,6.992014280566899,32.94082038793214,48.17466971469096,Sandy,Corn,7.256701293557542
20.708211099093933,66.08153995187422,50.018665528058094,8.56422013485241,31.633346806775386,56.121440878549166,Clay,Soybean,1.915328352247878
28.501549397044958,118.68133671700807,70.82855228157212,6.65809487586681,44.617170162571185,36.450603338313364,Silt,Soybean,3.043542049120369
22.12181086881113,118.88588752665433,40.950021039091865,7.319739717258095,39.714123576723594,64.01212163350542,Loam,Wheat,5.232320777117596
25.610049073226808,75.87052721020024,70.03260195819327,6.3045273564140265,17.047413793328793,56.50178662549221,Loam,Soybean,3.715329080924673
37.800422691343975,126.86066292287799,70.07916911721746,6.797227221585087,18.1244683322496,45.20251603807881,Clay,Wheat,1.8432903987473268
24.51970050137675,81.05266812504006,65.76303108008845,8.167256841749534,35.78909818069134,74.01361987833373,Loam,Soybean,3.2905309559022977
30.74636663142838,107.59495714113943,45.08357217300312,4.376007181874364,29.356623526208335,73.3462405335765,Sandy,Corn,7.507412250619141
21.48411787437056,124.61032037837369,63.743222843971154,6.913616257571681,25.448282160462362,63.99343032790713,Sandy,Rice,5.226725846797312
24.82505754751519,98.9916230588886,42.25415722898417,8.635586730077366,40.156278839944704,4.7216484414831115,Loam,Soybean,2.6357689258928145
33.85400317817755,113.64222736423403,56.20855117355722,6.782034219209343,31.874593820889107,73.68417639076964,Clay,Wheat,3.702536188827746
21.865164711061162,84.50711068337284,75.44119651432989,8.150572963232849,30.52457386889444,61.921377837079014,Sandy,Rice,3.113290932373951
34.062242789984644,94.10600249715708,71.95052890606112,5.870787850470558,37.7982864075505,80.09612956569404,Silt,Wheat,4.413696456031266
28.538759677277376,93.8242170735898,60.227744138106495,6.467952505836286,26.248910050564355,68.56196887600308,Silt,Wheat,4.196945619153899
22.18766612052866,77.60264960379283,45.37790136115737,6.533524702388587,45.68518985472554,73.67514016245929,Sandy,Rice,4.682482540991256
28.162038695277605,94.69677510652653,69.6838156826129,4.282408920641229,22.119523767669918,63.17982275270569,Sandy,Rice,3.734334850399549
29.86277224813365,53.5414510340876,60.29071856547038,5.3318221721498,36.56929066342088,70.23039797968268,Loam,Rice,5.395715051404816
28.10904981108598,85.26538758573686,25.19526602654365,5.403124920616014,44.33832838659845,79.91185611101659,Clay,Soybean,4.5230696070751675
17.148876400547717,91.45373519890987,71.73944739474777,7.3220660780325275,16.227045107279,53.24832107567309,Loam,Rice,4.596898605015743
21.364314120875658,92.3146074251386,59.63650749195462,7.372153105684055,26.56664824147551,26.416541838828056,Clay,Soybean,3.2775195008086757
23.762406822242475,92.75507662387663,78.03676871974608,6.824036442706533,41.42207392885558,45.38808649977287,Silt,Corn,8.177199042977726
24.62783285449977,98.14707400419613,43.57094221735793,7.324102896855706,41.572445477310254,55.84918399075155,Silt,Corn,7.72500298866757
28.103360487753392,114.38324554258192,20.0,6.335850587278226,28.285043996117608,51.123313765573364,Clay,Wheat,3.1945515983101775
25.888505004666268,126.23551222397568,64.18625787517777,7.701931669539543,22.653289063231405,31.301570507608602,Loam,Wheat,3.134908282413091
18.323278206449494,80.50704319455198,64.37345515022959,6.5087884426320715,39.559358223307626,25.533985622075317,Sandy,Soybean,1.8238328294393897
26.900989255029817,63.90397433832567,34.63992558590322,6.557864047426756,41.83549102581605,38.88255997047756,Clay,Wheat,3.043929289262603
28.052928726419115,68.7386676327069,45.3225068120009,6.234407366737589,18.35336651487605,62.116093339762266,Loam,Corn,10.6621873671535
27.7989522396552,85.38391236415218,100.0,7.184450477636428,17.960863510336196,73.70509656234454,Silt,Soybean,3.5333855566929224
30.403903627773108,89.44236046550472,55.41584078769295,6.078801183387087,32.252566819836,63.74851420666552,Sandy,Soybean,3.1388137248859946
29.16961077274452,76.90011801407628,70.96438464564324,7.476431377198068,36.293606334288924,65.86140930671205,Silt,Rice,5.163041549893225
27.295900396142184,61.116500072503165,50.24010258947425,5.367850859283993,27.00930914769945,48.78776640254664,Clay,Soybean,2.5971791561434587
24.649171442706766,86.31637517577435,28.64545651720265,5.401083745271806,36.792938199823496,23.868763134410543,Silt,Wheat,3.825235972450063
16.69519533242004,105.44279860341913,57.446126298061415,7.187426755126504,22.89863393162618,43.17169128675942,Silt,Corn,6.6850970868458255
27.148091095662927,117.85088397506695,56.01593159570842,6.411455785416988,10.0,46.11853382191432,Clay,Wheat,3.615593251620204
26.038438435815557,83.27730840675036,54.00182641997443,6.0461085838468716,25.76098927667404,42.544212697464765,Sandy,Corn,6.741680082795583
26.357894185976868,87.61006533569697,58.28038746740411,7.3900577324754595,30.63232146513101,50.82042298061939,Clay,Rice,4.556142363897241
18.616257120898453,72.19905073458068,63.964024074684545,5.892738585913915,27.241600401035434,56.62129639839426,Loam,Corn,8.019952236203027
19.594717297958688,99.05682488875671,57.7482457311929,6.29979874569963,18.41396736340515,62.79522782365246,Clay,Rice,5.0412526839380325
30.26576426666452,74.54714097427556,41.039907480789545,7.899227950071159,11.843510241211824,45.82820203450499,Clay,Wheat,3.2076003838981224
24.802224230716725,117.193834397236,67.29277187342909,8.03914234581065,24.859111956321023,21.443608915331097,Sandy,Rice,2.79715958932198
28.40750348686312,46.424005241976666,30.759423670163653,8.072398210270327,38.97655771649744,42.756834210632974,Loam,Soybean,2.9336290061332897
25.141591880652307,89.21110982642612,29.244638140736996,6.217874223066088,42.561974394136826,50.655655954879755,Silt,Soybean,3.865774360110519
25.148780697478728,109.03322017575226,71.08770742052351,7.73070290498447,41.87713384138455,68.34211883200112,Silt,Corn,7.71639512297263
29.691419029879988,105.51503548967513,67.60530408203036,5.551047172231322,21.84090464851447,41.48288236723842,Silt,Wheat,2.403924518290001
22.41977635891313,180.7910099194149,59.13906952388946,5.593097125277939,18.462936763696362,57.68815442599103,Silt,Wheat,3.719564638518118
25.480603884704916,110.49400073703723,39.06827242867392,4.149544147375639,34.96634614979895,54.35131849453148,Sandy,Corn,6.423952438084602
22.688623556474788,69.87836209473969,49.381335889888874,8.17286820189853,36.351000115979254,50.65850799685083,Loam,Soybean,2.568472937806437
22.82751886283842,97.1360725873278,56.05879878470244,5.636020150923922,34.001696052004974,63.95799978986887,Sandy,Rice,3.507620200306321
23.454139382656802,46.71260999600645,36.0615904713883,6.37346742025294,10.0,40.08738204871129,Clay,Corn,7.29332449026873
26.110668858168566,97.58200752109717,48.91457012965151,5.589675658071716,21.331154151165336,41.37220325534725,Loam,Rice,4.963274048244516
22.606256891682612,75.00831828997724,69.78495507265019,7.195165248330141,29.703112097140217,49.82148765358658,Loam,Rice,4.369199734240662
31.278780627867604,127.46170826680485,81.40958046433825,6.12436633928266,34.87218194630427,40.397802423594506,Silt,Wheat,1.8467620164667595
20.52696348890248,83.51379176213395,53.70847871012174,5.195183109567051,37.673073626024866,57.62018436581899,Silt,Soybean,3.3578361518118855
24.065641779193204,96.4970225261426,71.34732531474148,6.9416625641860605,31.4425352228204,39.30211543450801,Silt,Rice,4.922062266083598
22.801344708629124,80.9332647578679,31.28909894118799,5.066269975189772,33.30783806538236,53.39456311617702,Silt,Soybean,2.203865642456588
32.23488942176866,152.16554055559993,69.89176861670417,5.662594274684508,30.84865458361104,48.49740846819865,Clay,Wheat,2.374256606755195
25.982773882557872,90.36271701646265,47.940773779087785,4.393110885373919,36.85619374218483,53.22388947165059,Silt,Corn,7.061818689183001
30.159222697343175,154.97671130437607,64.61018425061955,5.076041887802393,33.12865651490911,43.10387907405441,Sandy,Corn,6.109159218766315
17.57219813481514,124.424552863548,56.28371372640436,6.678529169720478,30.657376600472872,44.913675582097596,Loam,Wheat,3.754341861688078
26.335251329346296,114.46200182006159,79.80621014675751,4.535463961897076,27.31631200862619,51.44013901995575,Clay,Wheat,2.5544725023534713
29.448153978117183,111.06199441952559,46.883465274901226,5.018854275378285,30.81291425042481,53.03111759241969,Clay,Rice,5.876958373582653
25.41141994637712,111.81391894648755,69.41409446342746,6.497631083867192,34.84591378839275,49.936971269132655,Loam,Wheat,4.186017812441768
30.327401875326757,42.1698226196317,55.807388050552,5.956393103906947,32.67475388898061,75.58043534769627,Loam,Corn,9.168062303161001
22.41355774949814,91.6334981754773,57.625417829855046,8.492036635959309,33.808264183452536,35.13894621888073,Loam,Soybean,2.19549513609901
32.0467372009279,125.35473913552966,57.242191602611854,8.333896546024375,43.427218613511855,49.036943075709296,Clay,Soybean,2.7274579552547893
36.49449061809625,98.53308449577683,47.31490343258831,5.632077537248846,32.65163922746587,26.395564668245232,Sandy,Soybean,0.9033965689364903
23.185807197801704,57.84430459589275,59.78851551139993,7.057137618403482,23.510014795268425,55.5812221800108,Sandy,Soybean,2.3450769506123414
22.77248739299614,98.42786648267591,59.060276668172676,7.249282556879451,38.83606785994169,33.27130195434779,Loam,Wheat,4.825435040063404
32.2669223855885,151.12316548766472,63.61860372610094,5.902521141975597,16.338016623310825,45.82534616185136,Clay,Wheat,2.5018366947881514
32.89786072865356,137.40675146604158,61.26757718539294,5.004458463501797,19.18586619260713,44.41903512003011,Silt,Soybean,2.1727173491437854
22.385699864233658,98.13987971901905,71.96991824418355,6.487701550691942,33.35847264720069,54.21336689901757,Clay,Wheat,5.424222559784617
22.899065914520712,128.5434783117426,73.85262924071053,6.327154325185889,35.16396667786579,41.7081362368223,Loam,Rice,5.744038945805626
23.591076955697464,89.00478938895844,44.24065017258298,6.064235503029381,17.54948776496005,41.07041453459026,Clay,Wheat,3.500277372067374
18.277747444828613,48.88385239519843,73.03158750886156,6.942316868164485,26.171825190132502,71.53784696128847,Clay,Rice,3.885173245140198
20.40674026757901,72.26602035611337,42.20495359335219,5.749270392994402,23.939161677803412,54.2685018571179,Clay,Rice,3.405623309443309
19.97929616623966,146.88666305524595,68.81783832206602,5.348002452420857,25.13323677118403,41.58423721966598,Silt,Wheat,3.512717476683103
21.161012174479357,91.78020754512087,69.29608177054303,6.6090829703498315,39.43597776272946,46.23749492283154,Loam,Soybean,4.067264926494063
24.826575563066093,92.69848061874946,31.33024662506244,6.885970092568876,37.06505463547253,74.68032428406117,Loam,Rice,6.515802340118267
26.171073662682602,91.00485411175359,61.39468869794114,5.323355056099947,29.808778201462925,46.47252682623355,Loam,Wheat,4.397368445596369
32.75250246407038,157.12409768719021,52.97255829959526,7.428090610991081,24.54038072885072,39.66085065271419,Sandy,Corn,5.937682399570934
20.008229796306047,148.7787674608619,48.61852113096938,4.729518862223922,16.503503297798595,39.725057748104106,Sandy,Soybean,1.1443605178647949
29.921611992382918,166.563407003444,80.26278496048508,5.921886541284357,44.201849387819486,41.76310278515634,Loam,Corn,9.273183101692439
23.930055778872454,95.22864368799846,50.19481289043871,6.241991463802391,35.92113900284919,41.08253416359916,Clay,Rice,4.101557894546139
24.752681451737836,108.86873466241285,47.904346063229255,5.86377628734807,22.933308959268594,30.805282274761353,Clay,Corn,7.944427718671687
28.37409746083302,54.500723517376265,61.1354241000764,5.934939526448807,37.19599497624891,33.13699854579533,Loam,Wheat,4.018869114111088
19.386389892188507,144.30803278354824,70.28384619447624,8.371074482308114,29.297763794253743,37.56019438457945,Silt,Soybean,1.627155484896317
26.912048730920255,64.96661346196194,57.875271209848094,5.649115910961101,27.128904951376573,58.87356527679647,Silt,Rice,4.667897813681994
25.83226104106528,106.50326691287887,77.49555818503879,8.941221722471914,34.35211528289602,44.2814406909069,Clay,Wheat,2.469836371235181
27.462256320040744,67.08092417101469,67.96463492946135,6.937126779731052,22.585017500872752,46.8925746635894,Clay,Soybean,3.6452354993311835
26.44584321953909,82.33399519783912,27.326830204028546,6.592055137311992,26.5624348048989,69.05132037882345,Sandy,Rice,4.184652574653367
37.276500699554475,74.88212706850899,52.057995547394874,6.976240353387666,31.21461064199546,69.42510724907628,Silt,Rice,3.573330038195786
21.81130007874342,81.76374217972547,51.57236850972451,9.0,25.005488071147866,45.76812585293398,Clay,Rice,3.399564376417967
22.345015224990913,83.82631890553064,67.19041430144134,5.506406996068552,36.69085210267524,40.53704733974887,Clay,Rice,4.380626367037648
21.88429736787618,83.55193615224769,20.627744154388324,5.379582081063611,48.690665036782605,37.03354529489693,Loam,Corn,8.720346194887487
22.222614404198726,125.00001735340922,98.23514563076583,5.745133803428079,22.457018673928573,60.39163654562357,Sandy,Corn,6.483580018058321
21.81306436346741,66.8541162081244,67.96539142341315,6.532143146964561,13.348747036959555,46.92939149716568,Silt,Corn,7.204857805795984
30.94508265553776,106.61624281041601,62.23315205876537,4.7742288751874264,10.0,44.202576645158146,Silt,Rice,4.740068898937422
32.102521239949276,136.53877456916675,77.72351574628719,6.522339239318608,28.49531858505018,37.795031372936705,Sandy,Corn,6.757192512449352
22.14626853125262,84.60410906459812,95.15481079218938,8.193547133413672,23.368354098738173,38.45500386482917,Clay,Soybean,2.320098140531826
20.838222134478855,78.46243327757195,73.06119966882605,6.651407390624778,32.078605010670806,54.80087287239867,Silt,Rice,5.2999919798560855
27.35707778193202,93.08426124459247,74.2321964470743,6.207314541024723,31.32597672026101,30.26842601169107,Silt,Soybean,2.78076057790824
22.238884778595143,135.3917562508213,61.960350366965734,5.881839551316372,13.967831533859037,64.92303040681908,Silt,Soybean,4.146869809709602
28.164659088777555,105.82322892860073,57.87711369949577,7.398511704551565,11.851161705185941,41.99233034277622,Loam,Corn,9.726751193049807
26.0146151042565,84.06357116177205,52.863068339926485,5.674167226761952,32.959332403460955,47.755460836223115,Sandy,Rice,2.860668646628502
17.42127942501384,114.5162995356412,47.60832012428187,8.346395920599248,31.35428834719957,29.945330627891686,Silt,Corn,6.473398262956435
32.737526006650306,66.9312355049073,49.69478850450754,8.433359747714357,25.741820016334486,49.814510926364534,Sandy,Corn,6.299142161248502
33.97938836547761,120.44078531328844,39.74166053485526,6.756750798661788,13.428564148676955,45.0751858596416,Clay,Corn,7.988254111778806
21.93605654757807,112.25821923105303,58.86192823972465,6.488484911923355,34.713912627649904,49.248791017153,Sandy,Rice,3.2959307921478747
23.061492200320078,90.76574586583348,34.729986341604196,7.530659808241559,42.71899545423943,72.07563347542836,Loam,Rice,5.1974275330939586
26.429326953624525,74.84242604658307,62.86374786215566,7.594798502227325,32.77982440218922,52.665470686853595,Loam,Corn,8.837472472448763
26.672283949935125,73.39957233149627,59.45504087936487,5.694008268940585,21.525261094349354,38.08011223781294,Sandy,Soybean,2.818526615533634
28.29272136336415,116.0445200903773,62.20402947580032,5.973444866863298,30.445521655711513,39.33020134180148,Loam,Soybean,3.9897100502995886
35.05102269383175,136.86941507467185,52.168026449700115,5.177652565316705,16.33885919066315,58.92696778870653,Silt,Rice,4.352822315921974
24.11526386252975,80.88076758913616,100.0,6.909064938334057,40.57960713838793,69.48039936490136,Loam,Wheat,4.726866122166564
21.00851377730773,113.75160110654453,80.40173850270469,7.166627883456891,30.81844334529539,54.22877031126575,Clay,Corn,8.367950085846555
18.103403859927365,37.38918944193794,41.33186249872916,5.150074362138727,12.31843088246768,60.33069116832154,Sandy,Corn,5.184607253402136
21.345349800290403,82.46146808028402,63.493021311403474,6.044801095183841,26.993256395563172,59.146065850050576,Sandy,Wheat,3.1876989265415108
24.834365135631014,99.06823201387294,50.87990785594015,5.152746082418651,34.633015102342306,71.28596620036282,Clay,Rice,4.136865633020286
33.97278931758894,72.70949749054499,44.78280409938879,5.601200189756162,26.669523790244774,20.75614740910951,Clay,Soybean,2.0715583926858874
22.411943504819142,71.90480875631212,39.898918933140976,7.051017060226299,27.24104278559826,60.00828408956792,Clay,Rice,4.539478449481976
26.118939758194493,79.96661330593341,66.48325036138881,5.766517933321721,17.755977929527283,64.75604065855346,Clay,Soybean,3.374128921882293
24.91788551963624,108.7657818497912,49.77929647395639,6.199174043967702,35.66540987081656,29.9191444079664,Silt,Soybean,3.2546433416730083
30.94196636724042,94.38012944780876,74.51739036037806,4.8726882720526845,23.515307999808627,36.71497723990376,Loam,Rice,5.741004289412106
37.63466212936811,32.85306300025084,74.90673321795659,6.686990209724664,10.0,37.2382587705777,Loam,Corn,7.543618271596482
22.345656135398396,36.378995420948016,80.60871577817174,6.455726680155351,26.28742629329606,39.06814705433925,Silt,Corn,6.381710544408556
22.55280278740889,81.79404466428474,47.214198508888444,5.771040749966838,39.811497155703535,42.77424423596711,Clay,Corn,7.791763772946682
30.22080438534536,113.73059758160656,67.13048416038015,6.3109857023175255,26.130705534000526,53.639042195824125,Sandy,Soybean,2.894465411412217
28.40945744813156,17.57485471824296,69.48681324963451,6.680294880503444,47.37984985123521,62.98511976751055,Sandy,Corn,6.380414141636702
34.23353662868017,85.00809471545108,52.88732737344053,5.685131851090656,34.28967948548517,66.21975436652805,Sandy,Soybean,2.9458697738734725
27.919640926629818,84.21256430447737,48.42342063910687,5.023737455998221,33.38758162280366,37.432654082483275,Clay,Corn,8.064224117690927
23.203539546064704,141.65013334625343,84.14280998663959,8.305574432686814,28.71601734082391,37.32945501945526,Silt,Rice,2.9765181621746564
27.953274153461546,88.4493456486141,63.41243813598081,5.866727295289728,29.317137922357094,69.73732760024335,Silt,Wheat,3.5719903731516913
30.543517902914537,111.48966954222786,69.53951626067607,6.403239896813111,27.36576364880496,59.701159031279666,Silt,Soybean,4.735152758916844
29.102410905986822,104.23771420262389,47.66885982258109,7.510839735020314,26.977306079174735,51.24297262803494,Loam,Rice,6.053199948597511
27.53637015553649,36.08300560578398,41.71073300216709,9.0,35.30867162067149,57.10005013332451,Loam,Soybean,2.628684470420094
30.333373447945768,123.04621649895212,51.458253382618345,5.255513550111134,20.641687702094345,49.55294327222839,Loam,Soybean,3.6342547230860696
30.846477952228362,106.46189516368864,58.139679189150044,6.94982721372651,19.241061712757404,57.86877024571422,Loam,Rice,6.271978876975101
31.910794955187637,115.24805919023768,44.036699897739766,5.792447714705894,18.768049491246224,44.95899955241389,Sandy,Corn,7.063622034083337
28.243549437948214,217.7871311930898,59.85232787024425,5.961209695423289,50.45654547677154,54.03207401658846,Sandy,Soybean,2.5023753758391107
24.164409598415727,37.47661181504235,34.6724221789725,5.77978797899321,35.3034290167058,27.341809244457554,Silt,Wheat,3.314576081070986
25.733568432166614,151.74089949283325,43.199288662951915,5.374345032199415,33.04492201680145,39.68323557761853,Loam,Wheat,2.8483467397893243
31.032544832541785,91.37657441798933,70.06366872415313,6.458708638215339,19.424853297065685,39.84483234814485,Silt,Rice,5.1727916881794105
20.91532164506382,108.61986713209028,69.05685780416842,5.025497312951765,36.23342300674828,44.38414950189629,Clay,Wheat,2.9615843575458984
26.843366544364507,98.63463264096274,54.121848519197,7.44680756651187,28.834286535466713,36.102301178303776,Loam,Rice,5.165188212957495
23.033305938363196,87.2729099980587,44.733535363845704,6.555002936033374,32.1416894113175,41.99684561265377,Loam,Rice,4.633961337163705
25.143724114674086,82.90501215283723,44.588946727109835,6.92243497290144,20.233796841364438,27.28378906402819,Silt,Soybean,2.6825688321891485
31.392259313036494,109.88526206719027,54.40097631088029,6.033811388053777,31.602688574175765,58.230507145923504,Silt,Rice,5.2499865053511465
25.955495340099517,54.48478909984963,69.66777737467937,6.132796065788252,25.761664617935168,48.76229721632908,Clay,Rice,3.9601886865141176
25.232182740780743,122.51737502565297,73.92368537016486,6.787563905167328,22.343888429698122,24.42188588335975,Silt,Corn,7.790191653532488
18.200719295100406,87.51416785344239,52.55202396777047,5.335949367594175,37.34106335807249,37.4775513417999,Loam,Soybean,2.483413988668102
28.731267830136105,66.09791982878926,42.697613610228245,6.142009565586664,14.622921914699976,55.049021413432506,Sandy,Wheat,3.309197359054931
28.227420905705376,86.49961426012558,64.017654567995,5.640386486121546,35.647762643141505,41.85467080421316,Clay,Corn,8.524169362102208
35.8162736165273,137.7144765058772,47.64697544061226,5.609431189408985,36.84486133552996,39.54587809792855,Clay,Corn,7.154968844262508
23.461108825234994,83.9399473895133,52.226210417081965,4.390161759374358,21.203563244487594,48.88110984487886,Loam,Soybean,3.481883988858863
26.095751638319694,110.7536085462886,79.87914135655556,7.83932658948,21.796715388675324,55.15396302767324,Sandy,Soybean,3.3429651646383274
26.246918418553776,78.0713117285358,72.40673142848652,5.813461246846231,27.769743187335976,28.45471314441259,Silt,Corn,7.8832767614240735
32.887266398817374,122.73765549770859,62.36961468377177,7.66337605516355,32.820362104622205,58.25192721826819,Silt,Soybean,2.7440718865730758
24.523522338065238,120.56523216370613,40.921214983309156,7.568792321394293,28.471450081857746,37.99560077588935,Sandy,Soybean,2.6093154376299106
26.395107628851697,155.45826499889233,63.17094851205988,5.214000293483506,34.335624601918795,49.73108047625302,Sandy,Rice,4.829022032550927
28.039482548582697,94.73308163502354,75.93985936181289,5.4115887643271545,47.62979652537399,49.46869788962736,Loam,Soybean,4.240176120058836
25.93304561578179,120.0596441427372,54.36549501351696,9.0,24.922832308502862,42.09400822640339,Silt,Rice,4.5532545317254405
22.767831927247357,102.94202618616833,80.26671134980073,8.250925941927143,12.848200292965796,34.64510380803928,Loam,Corn,8.430454072446706
25.97044996449154,138.87615345589043,79.3911793427731,6.468481486671896,38.25923583030653,45.714701778616046,Silt,Corn,8.784301823297824
30.36815874929886,78.43502837173808,84.9559924821521,6.757373106417349,46.8331457592753,74.37995463612792,Silt,Wheat,4.678220201612405
19.8674235029447,122.35015938631844,64.57864689797029,5.8691535970528115,33.92768363051125,29.574874543045535,Sandy,Soybean,1.7578935173688672
25.66484837073438,94.15908111649955,68.81087549709018,6.93235271420034,19.12251324646332,75.38469528657313,Loam,Corn,10.098764628238227
21.499395925304135,98.07435468674507,81.21280932496634,5.782818099277528,28.76107636764799,46.10418243385202,Sandy,Rice,3.5477757314130822
30.975233144624212,102.75257453345118,66.71090905603464,4.467646235701615,18.814765157883677,50.53057125632959,Loam,Corn,9.277001452583773
17.384065476081126,107.56721189280032,52.48148838314681,5.178444213488949,36.42855493962948,33.699337829229094,Silt,Soybean,2.533529367368477
22.205390763642058,96.51312870634125,53.27185745208208,6.521092747850587,16.487095973015656,38.430958749837785,Clay,Wheat,3.9569703820448763
26.886059375322603,106.44139549511578,63.578324306606085,5.368932764497412,26.998712131718,42.45635524942971,Clay,Wheat,2.2762688675640272
32.827620146171704,147.34354172686554,40.64157867080672,6.432722535086466,19.956621737060935,34.31457543683132,Loam,Corn,9.461580083673498
24.67124869463506,129.56349056845656,57.85111626953711,5.425338960567137,31.26824685134962,46.86623063943692,Loam,Wheat,3.1180581902871345
22.22400236653401,126.0746377749069,76.4482067734538,5.7176460774980065,26.336583228622423,43.894761622898436,Sandy,Soybean,1.7093086482605258
34.40578534720295,86.33381421928388,27.13119223252078,7.353165306413191,31.76762103250264,77.761717136536,Silt,Soybean,2.5194755166298104
17.75993049791878,73.32277515315027,83.01723152691773,6.747480547640104,30.223505549663656,32.510387214793084,Clay,Wheat,3.6988787757219708
14.005970216899591,128.6590167471326,76.83561328054739,6.490335578686653,20.1334097227589,51.54035775122881,Sandy,Rice,4.257209818294669
27.20007225026666,126.28140377589384,53.10353076254285,7.378963973070651,36.26877063529022,53.71769422852737,Loam,Wheat,3.587037243503553
22.489728878236946,144.18012027252945,68.15086241807714,6.980608593347347,29.51234348156885,33.945191770222436,Silt,Wheat,3.3535157755047686
19.893835914346433,81.88058122092312,60.047215903594896,7.946563291251367,20.114709921340996,60.302412431792575,Sandy,Corn,6.665421924489367
28.541782236496765,93.11354033918958,78.44985552658025,6.04014073768486,52.409265562057925,44.02509480677558,Sandy,Rice,3.352581638300937
26.219003568855996,50.815475124236976,74.74024714154912,6.070365021472491,34.764301667171246,12.614155226253992,Loam,Wheat,3.598095601436834
22.179606846316357,88.22586681817381,38.99893915225486,5.198890733608655,28.467394466006944,59.89774418156848,Silt,Corn,7.641824711089661
18.59847800664553,129.89711531738342,68.80893620196265,6.071019282627581,44.15204526701824,33.24588673846454,Clay,Corn,7.694332752989832
29.362286641400722,86.00513862315407,56.915582195351284,7.464769894302446,48.418156093866074,34.283375807913515,Sandy,Corn,6.077075781908559
28.251005889793305,119.21439385602471,61.2424885577715,7.799987372262134,28.54650577686115,60.318531243385976,Loam,Soybean,3.116716123249705
24.504120681103085,94.28490682006566,49.07742148545277,7.460305168086668,33.47397486434762,44.79257776372325,Sandy,Corn,6.496592849231373
34.23318498023833,109.72171084664681,86.22205603681253,4.705808133450564,20.11997181997059,63.76658225827251,Loam,Corn,9.752090519434182
19.649576168369236,65.56925830552998,75.60092729853864,7.583145212660734,28.528072492319886,68.15249143047978,Loam,Soybean,3.5683979931545546
17.372374145376305,102.55628348901703,48.90343254040549,4.661481376727929,28.0093744624013,40.32607309516553,Loam,Soybean,1.9835733984269748
21.540459650593778,10.265920872978299,39.98084089634651,7.398117324122348,31.84827033621654,61.89893743932546,Silt,Corn,6.375139242523856
24.77206991822251,94.39311525514046,54.21491053533228,6.1322154734289445,33.3276047863701,38.66808797910677,Clay,Wheat,2.8272977100740593
26.21669724661346,51.0858026885458,66.51753969136959,7.202533313933856,35.5982844882806,83.49673875698265,Silt,Rice,5.60924559564477
23.79381971071835,136.17983549640448,63.60308765919334,5.167551652105434,32.37642656299959,39.60564493203177,Clay,Soybean,2.0659311967332292
26.760276982571483,123.32222058293533,78.79699237152366,7.671167632706147,17.892573733708353,65.39131161440005,Loam,Rice,5.733468831070646
18.74230287904778,114.00012945898243,71.84879583271278,5.035025253895111,20.61532894258915,62.65685038822363,Clay,Soybean,3.31548419106577
32.2188230203663,145.6301868147814,74.5435353862936,5.831545089146823,24.535923805363268,54.74131733163401,Silt,Corn,7.27546399328215
24.589244108037157,71.53250437525489,64.90283100915656,5.501905372230965,27.17759408076771,39.94185257874975,Sandy,Soybean,3.2051310188499222
30.586479157940637,152.42089593746675,39.16051904683515,4.745715147177501,40.507742904721134,47.72903762087886,Silt,Corn,7.367761223891346
26.71362673188852,127.96574692781154,57.064522032796475,6.594527567588468,18.37061013147087,17.696178305831722,Silt,Rice,4.183388267169999
27.283766095768918,92.90334138343162,75.90134609862999,8.306089117836962,26.425849518293,53.36630057573375,Silt,Wheat,2.8831959656105295
27.84883640116102,134.06860441548832,59.227156072130306,9.0,39.5300949821405,55.24422996542578,Silt,Corn,7.337783804568996
27.238542800086574,66.81119462765098,67.5463555293562,6.597155787086248,27.001225255033876,52.00249128592057,Silt,Rice,5.103848057913313
28.21361379933772,75.26457515416979,55.218775271308004,7.616681275067522,34.60415649842824,5.4004074306116365,Clay,Rice,3.299608425610052
31.645762650662157,81.742308302809,44.55282227187232,6.732094637928538,28.604579570720965,31.015453323652835,Clay,Soybean,1.8012874600111406
25.98260584850735,84.13066875807954,58.14983903930835,6.998883194768212,32.56783257324723,38.77863525727006,Sandy,Corn,6.417391977978847
28.54501878794256,68.30327071719242,64.6357116454898,6.157851348872761,27.715274561904593,54.374883997835695,Silt,Rice,4.275685414216006
24.551321528563868,136.69249201285976,50.16468420807834,6.695076925422602,36.67065472728354,54.340083584644766,Silt,Wheat,3.76936607799077
32.200586077247365,92.23436798890505,56.46433132714997,7.037478704606428,14.549435925935647,47.44664312043231,Sandy,Soybean,1.982204272155864
21.61803848970365,110.57514905070639,45.90805137021026,5.921540271123669,26.36687991611455,59.52868304905935,Sandy,Soybean,2.6800252546152525
34.004702164554075,82.88945900758958,76.78867376346145,6.4225057001070125,32.96572676694308,34.606364370456504,Loam,Rice,5.451033857925092
24.799210246778284,45.38190098354448,55.58316363617949,6.441569881002512,35.33695248006193,59.153525085409946,Sandy,Corn,6.600461119202688
17.84612448940976,108.10172075174266,81.79133317689275,7.3264033173305245,44.929526227538275,57.121131572598365,Sandy,Soybean,2.6199526391591195
25.640522074553946,42.632350737406696,82.93121775811363,5.433967828372319,26.089753331344237,55.66332099256866,Sandy,Corn,6.619297705922749
21.594741712625595,97.94097861743595,58.784310529173844,6.448457791392348,44.79481761860873,47.26939353371516,Loam,Rice,4.702156444568362
29.203217744943622,58.95054883501569,44.87326901178976,8.412005469052698,23.409761733403293,77.46115737246893,Clay,Rice,4.570848905455195
21.736880103488044,159.61827997692424,28.711531833999942,7.664060152585938,43.286464115446435,57.39793532734818,Loam,Corn,7.157776968936809
22.769082833926102,127.34088166524165,37.919443904598126,7.849179048888705,38.17467126698372,35.47496205119661,Clay,Wheat,3.108259267375815
15.552296345272346,103.1726137381444,39.3924776265201,6.524431840178035,20.865414203677773,53.724582136039764,Sandy,Soybean,2.453114639178793
22.738468403754617,137.91120032964005,80.67704441192257,6.820997563686023,33.07039237251822,61.28725065611328,Loam,Rice,5.5249722055779005
12.880603366855217,74.61052067602793,61.73736880840419,7.502236166702925,29.487641644678085,41.17837101613536,Loam,Wheat,3.4210840835841747
17.080485882571384,116.3043813601028,65.84406786137981,8.06025552953093,36.255845936750006,66.33908370396648,Clay,Wheat,3.7780074725625084
28.802073280721487,105.9943130115614,26.69368486597311,4.548397087117113,27.767284115666904,55.73050558574016,Loam,Corn,9.041322452637758
28.92900079325416,107.9206024400101,42.03050356174107,5.184558692950154,26.927537743382686,14.862824935019795,Loam,Corn,8.37915160343925
27.127287808924823,138.17060500320304,73.3061966466943,7.809444101402648,43.69094582762851,54.495079660068896,Silt,Corn,8.248714904579863
20.165119284353935,121.97476308339407,64.30161168573879,6.2231106442311965,29.01279105544327,43.90956268380927,Clay,Wheat,2.9687075400700564
24.7614432192901,108.66170988475069,57.79192081971604,5.828279210741923,38.26422324191766,58.05769721812604,Loam,Soybean,3.7753634532377083
24.981987304547157,50.353376913151116,68.47263537900184,5.245839013004396,27.746485149558,64.16322260377721,Loam,Corn,9.544047940206905
19.208176554037287,71.19861114161608,84.53696709203723,5.944983298455891,46.666632592275235,52.92743070712727,Sandy,Soybean,2.4938745618869573
32.51699150883575,96.31873199212828,56.68436304694424,5.097630716576175,23.216653706645065,74.97878350917043,Silt,Corn,7.17014571553612
29.386811452878355,102.80117122829954,61.04054703987104,8.591094272732477,23.85856468752815,47.31939673154756,Silt,Wheat,1.5356521170541817
23.89517913085168,66.09388825978229,62.88895378096958,6.4775639480194265,45.24517181115903,59.372267345808126,Sandy,Soybean,3.219879208993714
25.134429194972654,172.35030026735262,95.88164452910989,6.442049458237283,25.550536091047473,62.07413860456021,Sandy,Soybean,3.401449776803952
26.04191403973776,145.49182165760718,28.509656033714617,7.088076675167832,46.01074306164392,48.53981046660901,Sandy,Wheat,1.879467113512094
14.791325657878547,118.0635496117745,70.24834522183212,7.46234516926657,38.91840579594813,61.68161461966673,Sandy,Soybean,2.4323481841710484
23.764113087397014,102.16110583851234,58.277966268614044,7.4458881565546395,28.453502934391665,41.079905192567466,Silt,Wheat,4.115803412194064
21.590078760011007,93.63373090296545,68.5015758927627,7.573621943907572,11.867065279828417,43.66147371468172,Loam,Wheat,5.160190482294146
19.991899950525422,71.44244619933293,50.139411690079136,5.869154449209144,29.806816957281644,30.312669644955314,Loam,Rice,4.249694790809577
23.594498535570224,102.32441555556588,59.26552453712325,6.202133195043139,31.016300535334246,53.62113674555071,Sandy,Corn,7.112832517494652
33.988432634247616,107.73257620428252,70.67115869198243,7.269031655442276,41.67217733304373,54.87877513781516,Clay,Rice,3.8249499598391576
28.20421430633505,62.74718273555127,100.0,5.97261093836038,45.88447176240112,67.68894737868844,Sandy,Wheat,4.358339914293521
22.144105051086015,110.02529251734693,72.12054284103107,6.494893367972775,23.150128208562524,61.867100065338256,Loam,Wheat,4.7689367992038845
27.862913906780793,95.34222853525753,47.27901602954237,6.898763764424814,38.011817639881826,45.728066650288504,Clay,Soybean,3.0155747662553383
31.99677718293001,42.76577326367827,53.643604769659454,7.2851850823103765,37.65402156013349,32.32730468998585,Sandy,Wheat,1.9072530051307794
29.623168414563843,74.18844967661494,53.19878837424219,4.7223190376297985,40.73412702410445,56.49275603779961,Clay,Wheat,3.676419001973372
25.29815184960087,87.59183399735068,33.06535241054978,7.214745649888945,34.98689912135544,66.66129758621963,Sandy,Wheat,4.626763895593713
21.76531611147213,156.63062972020572,55.04864712447844,6.266275942148274,10.575023090382302,61.32777460705915,Silt,Corn,8.182623116898396
28.491116568067948,116.69659373601274,70.99243622732618,7.207457710864381,28.4457756747224,66.26716287285932,Loam,Rice,6.819203830240691
26.967426927108747,59.93555292700326,40.88651821384808,7.276931692354829,18.44292425083085,46.82165703202636,Sandy,Rice,3.684141065626074
29.475966100138663,114.58108868252911,75.72723976575888,8.107915061119158,27.97394227081926,43.00071547736532,Clay,Corn,7.335373319290061
28.175859008409848,53.58088033184904,67.31662231626507,7.853453647621203,39.80004236133894,38.946479716523015,Loam,Corn,9.487096724124891
30.247763576596675,132.4807316166122,48.98650017043443,7.846571662610296,33.05150835874973,49.16155300079607,Sandy,Corn,6.253871715732977
22.32382394219716,85.86626044546364,57.87705543993229,7.943670319166238,41.480908663974326,48.82113806046771,Sandy,Rice,4.039556019168281
31.586970328171628,97.19091433782488,83.9748271146155,6.791378984815946,33.41753920713539,53.10016442808674,Sandy,Rice,5.0452920479687675
25.987998023461998,139.7738994262657,71.00321720258799,6.53218508703684,17.01674060331097,48.06053814446738,Sandy,Wheat,3.258123822766131
35.37630436312632,61.385092942472504,60.131754823472214,7.372817083178335,10.0,47.99558405409843,Silt,Rice,5.014211010732071
21.55406090955216,58.08645444661026,56.434750245585235,7.232080951433023,31.4880876167959,38.34958920541784,Loam,Soybean,4.007440992346995
33.67981901582625,82.49202020961985,61.14913605677489,6.190933763261739,27.860735336488347,64.12428520327236,Silt,Rice,4.997269204727735
25.989553917313238,131.15136553057948,52.32354663086545,6.904823408808268,20.230542606181178,51.14777093365567,Loam,Corn,9.600594397890571
21.74290998192776,54.41961773569473,28.42875741421478,6.464903533215406,12.99372750348622,47.383340985720764,Sandy,Rice,2.57628305481212
22.58057082972839,15.035332056682932,90.63266865802096,5.646067091539944,22.652567865272907,38.78856120126193,Loam,Wheat,4.736508091777121
23.3982634590284,86.46523424773004,62.32987498799102,7.79046074137635,28.05508515135224,30.02130334413371,Clay,Rice,3.439833380115415
27.120829732009582,116.55222399732762,65.97220897683806,6.555199242530089,36.6587782370639,69.61946288824015,Loam,Corn,11.379914396606699
27.6141774401775,136.0078524921649,59.13138375184637,8.54870825769885,31.8863108156798,58.31958062197711,Clay,Soybean,2.249913530895977
22.131499980307105,86.10515913743804,48.97324798913118,4.874507729800167,46.08067247172729,25.64123236145049,Clay,Corn,7.543412921990202
24.878227038695087,87.65720178651992,57.21113278576844,5.943221227156633,19.64395943954606,61.44713451064486,Silt,Soybean,3.364889229618215
35.71135179305932,134.61702202767242,36.00907856708533,6.532638836690872,38.81058892057433,63.837217553496636,Loam,Wheat,2.56053500274755
33.637715850503554,43.90774900913738,94.15629747079956,7.637381097628914,30.47298743128728,51.865641834513944,Sandy,Wheat,2.0583519061946527
27.18161834837016,88.34437674450972,41.48232002366406,6.899469372602185,36.946691241185846,73.97166343627639,Loam,Rice,5.895790517421934
25.190017390841,105.71271669775173,44.52050574229231,6.8104727541807515,25.634851367344567,53.25079463184324,Silt,Wheat,4.131800502215478
25.600156633591308,113.47656163855103,53.396111934203994,5.372736207445853,40.716803738905895,28.747647080762153,Clay,Wheat,2.790842301997267
28.06758986365208,84.70579920427352,79.32113587278566,5.343058602770529,32.952247583452426,55.47753501572481,Clay,Corn,8.485230204653249
19.886037174007974,101.03323035117523,60.217634988939814,6.822504660289905,23.205550150822507,53.67345952569094,Silt,Corn,7.765642144738768
23.713117312883274,25.35017939761032,41.45796305954306,5.135894006181641,29.879759710868118,40.950547268327675,Silt,Rice,2.929217788212402
16.657079630612053,80.25254762998455,78.81507541136008,5.968122249710671,27.604441410629004,58.603382553161374,Loam,Rice,4.123040854174854
26.996115613026397,113.60526137663402,70.96500940178223,7.0009173290858575,34.891783506377934,24.98502100713707,Clay,Rice,5.607375329684307
28.235979698513706,70.53117897235961,68.07652435824679,5.5176757277232245,18.202232506254916,64.85850241164184,Silt,Rice,4.947503137782883
22.58406768850313,101.76952664768793,70.7360136175626,8.105355962361806,29.706482978843056,36.82817444591821,Loam,Corn,7.512791249167389
32.869933816450164,113.40617502408094,95.91542850873677,7.72393634423789,33.95307252649331,35.22580812324451,Loam,Rice,4.926531891510066
18.871171684988294,89.72352397426705,92.77642342554168,4.928580001661699,30.330233071930333,48.292628415387846,Sandy,Rice,3.013199511803574
17.6781255989509,105.11391312989713,49.69926985495057,5.567628756818013,43.46941244388996,56.49459392065453,Clay,Wheat,4.403079526043405
26.12225909279986,71.11802304146164,84.35827489216729,4.21422275550505,37.74022774071052,52.45886095390144,Loam,Rice,4.780147597959531
30.235491513060772,93.8016616091186,65.7475228463835,5.717408637451867,29.925192032592534,38.86011251341433,Silt,Soybean,2.439515115538371
33.419638457289345,118.30648508767668,67.48643724206624,7.266388476572399,32.16689097497673,42.40866063212167,Clay,Wheat,3.6491281545367578
22.7055786856553,104.70918882905303,34.61593752535007,6.086105057725143,32.95665551482,33.00436478933807,Silt,Corn,7.755209399104655
30.39340416715648,82.40406191308193,57.44421351917706,6.960797243615968,34.03299604166824,46.62980147555195,Silt,Soybean,3.710062515655699
24.807457652496463,106.72649212872379,47.807646144951526,4.977665681718256,11.743420043353922,66.12531821766365,Loam,Rice,4.6892143485285365
24.136863500295902,121.43829371909854,72.42088222339964,7.297975254581905,26.984737042306527,49.936055935341855,Loam,Wheat,2.7671712736675538
29.41829968743336,38.50176164267566,76.06620750604208,5.94489077207165,15.155609318065737,62.891213821391794,Sandy,Rice,3.3930429082083897
28.2616143920671,134.77222194867693,28.88270473475533,6.512169682282905,42.78280947459486,71.83102006589287,Silt,Wheat,2.131485163385072
17.118039215078753,89.91235783956785,59.66947703993594,6.4071254986069475,29.391504799970722,41.17972221444549,Loam,Rice,5.557027406963797
32.38270174862948,112.76469799720691,76.82792257191377,5.228451479107716,28.066590503203773,47.20140120416953,Sandy,Soybean,2.329941351301671
31.900456770737257,135.91740770935684,57.19981556529832,5.346915668260218,38.96797332033235,82.56789291593742,Clay,Corn,8.063273929057548
21.872186492452354,58.84978908308602,70.93595467503546,7.467794469003426,34.22324797449875,71.66515117969918,Sandy,Soybean,3.01307048304355
26.979017667187044,78.7167699271736,65.26748201440626,6.898992157501696,18.713654856207928,24.913932112814713,Sandy,Soybean,2.5847615433881246
27.470150931413695,91.34353912372886,65.1249034792894,7.550049041553427,29.29094637472631,55.8072247409136,Silt,Corn,8.562037156227213
26.303368829119535,76.48739436626715,55.93027532897554,6.824658235502518,26.648330267736153,50.00839988509543,Clay,Wheat,4.477141641269502
22.2484742307729,152.04809727510425,41.751287937964356,6.642990634809216,12.55467111393946,62.396796662881435,Silt,Wheat,3.7861516435121803
21.641883160309742,74.29683718519621,43.17704778862459,4.773989381333234,23.097237667627954,38.82531848772417,Silt,Corn,6.380738095253543
24.872229645042772,83.333596615394,70.64028771682976,6.22963330323883,28.164596779835342,37.40587441938992,Sandy,Rice,4.1103055613958634
30.86364509629682,106.13167094808931,60.291873832783246,6.472615679596256,28.850490685081574,39.858939270595855,Sandy,Wheat,3.0692464709041927
27.71800077297216,63.93551421771733,57.922316330891626,8.453107198272575,15.177685763226913,41.42107180702351,Loam,Soybean,2.667991099093547
23.14692833956947,88.12957864731209,53.64164936516471,7.186956632098678,41.516655830474754,62.22986250213521,Sandy,Corn,7.815382587887675
28.858493553241722,109.52359783750525,55.42216731778872,8.036061181709528,28.97896941108561,32.2819824027668,Loam,Soybean,2.6477894771597237
10.757286896849623,90.01418786852466,75.7036769173221,7.097537705894728,30.37553076660563,40.660791500610216,Silt,Wheat,2.3401048022469215
30.743828501860516,97.19839423300155,54.971338771979596,5.78869677305052,34.00641638339837,23.16481414247838,Sandy,Corn,6.385901579538247
16.301431106109504,84.12003662654888,39.88402930047647,6.617124216149851,22.119237460963287,65.1067673511856,Clay,Corn,7.377447787368475
23.18779529298434,54.56589072457699,71.1547766331026,6.736223646264233,34.56355973132696,69.06545149146712,Clay,Wheat,4.637834846717009
19.401650526869282,109.64779634017715,56.926850042029244,5.560844430229318,26.32925353981817,45.0938985370432,Silt,Wheat,2.95948314722096
18.526592621395473,152.64799214941723,60.47093798299165,6.1156126234070785,21.034144593528083,45.530759527801656,Silt,Corn,7.244479701439004
30.804133936892597,100.55204892350315,84.11367459599265,6.294233006322828,35.73447493355399,56.79832853424346,Sandy,Rice,5.539165659670201
22.661493993440544,106.75792351742649,59.69159163974239,8.105619832565118,44.91673858801808,72.11723011067383,Loam,Corn,9.07665338572255
26.73251940865358,120.78168265350578,64.33775509678088,4.419259474609022,37.248293734858315,56.12916121345876,Sandy,Rice,3.3957162560244685
24.76539710560408,61.92008510359903,42.31614763052512,7.705818420716043,39.22977565140431,39.53687086287328,Loam,Soybean,3.647474433096767
27.385204136115608,151.07543974388818,56.7049582147356,5.563204765040617,24.79369393437701,25.717661420203395,Sandy,Rice,3.413534008117322
25.384109455301278,106.06986389268405,69.14289067812902,5.127920812730386,14.023802708315436,33.27310606004768,Clay,Rice,3.732060496949581
18.58503887905715,148.95570697267328,36.669393992381366,7.679942130038464,44.90137522099841,51.098291754686976,Clay,Wheat,3.1892221485079872
29.9813340972357,78.00901013428032,63.01267639673564,7.231898069234381,50.5451488940476,40.170087151988085,Loam,Corn,9.691816643378857
22.531217084193436,154.54185767673474,61.5118660896721,7.75451870238119,45.42806773769682,52.92451558986138,Sandy,Soybean,2.8530835317068863
17.217090506701247,123.25466482104349,60.619311833811594,7.300701947545576,26.642140610202503,41.706139756456494,Silt,Corn,6.94932330770579
22.859424195170437,116.59120257557075,75.55738347987365,8.559845001737402,18.45365661271156,34.127803530583826,Loam,Rice,4.486878740389597
32.503798953171554,107.02073363059444,65.01657772272782,7.058723836944486,19.343173021804333,32.34452552820393,Clay,Rice,4.4543019333085345
29.251108710567465,92.54414145776651,82.17107847534666,6.343522623876842,13.162674323859513,73.43531764059844,Loam,Rice,6.292654853144051
23.256739327960705,136.0159497542162,45.096157266089456,6.8429263773213425,28.926213815899548,63.334816237754644,Sandy,Corn,7.623543713175826
23.253711478407855,104.21079609544141,62.03886850827522,7.743469128345963,46.056779580824546,75.95776927741937,Silt,Rice,4.490122732240812
23.391824743913087,40.987908892385434,61.26700179584921,5.720624674739883,28.583373681277568,58.09926351132654,Silt,Corn,7.660461468922125
35.383739917804206,66.48440614878993,43.9611825936738,5.848111417468619,33.02322900348275,43.550128870777414,Loam,Soybean,2.629423246161013
26.909677261157768,94.42462743421758,74.34442503137019,6.191039985402092,43.755969643042086,69.85011383734907,Sandy,Soybean,3.020663921319686
27.150208235955347,109.29996949496665,94.87009958779227,4.395417201234668,25.959046881676002,49.50397997957348,Sandy,Corn,6.877709322599658
30.15141727015921,98.30234533300313,59.744908882742536,6.638078408417547,50.35531456719595,53.31262655435528,Silt,Soybean,3.8452355000319196
26.193945795132567,136.5691236938099,67.57531632410651,4.613871296048973,49.920944074974535,49.357634313867216,Clay,Wheat,1.565857211915265
23.704789270896484,41.46694407884125,61.267777137229906,6.553059312932619,28.688886613195173,5.796436710739783,Sandy,Rice,2.8615342589628687
24.01825075457511,104.3076380951548,49.29622995139236,7.36528975613525,24.22465735980787,74.0710251844228,Silt,Rice,4.607190364946579
24.641993702929682,45.46062323838536,32.68859583296975,6.023123539356164,36.97238046390313,57.3650591893663,Silt,Rice,4.876206209348544
24.813888817450792,122.79136886452505,49.41339775356953,8.17711587018687,26.52475057481142,54.94734591302765,Sandy,Wheat,1.9379585954831617
28.6381477181849,97.16623856673992,39.120624285724034,5.039499100581512,18.434447829326636,49.07335906594159,Sandy,Rice,3.6874100632253755
25.259729429036497,112.58829916072355,85.56153117088677,7.6912606816318325,42.812386535229805,52.45141730579196,Loam,Corn,9.697511334044034
28.663200386077897,74.08351118230702,58.27335459115141,7.175137056406921,42.1644738727708,41.04081596230628,Clay,Rice,4.617573088544463
24.59641709945709,138.38394794973254,54.81121006429244,4.783966751689311,31.555116037635607,59.24869028460907,Loam,Corn,9.507795661600815
25.393175951580453,131.25173992176553,73.33730737181709,9.0,17.37135246271822,30.393524834013014,Loam,Soybean,1.5008197388040836
15.008996577339461,117.50632909035663,43.17373345716168,6.436254714496034,17.704737487826137,52.791026487058204,Silt,Corn,8.525868004060383
29.58163837351241,96.11448259409677,48.49703942993172,5.622515977844368,31.072292884191526,58.423602058566566,Silt,Corn,8.595283348077377
26.732442379489964,117.39571855885396,61.02108403872931,5.092912805215983,25.001289654949677,47.01996299265645,Clay,Corn,8.763916192499105
29.99005054929826,78.79322296037954,75.43153487135221,6.279981972340326,26.58907067858392,55.56301688706537,Loam,Rice,6.56069434720247
10.518723109031553,125.66666977062135,67.52527567753182,6.37259312761004,40.219631550600035,35.12998411648625,Loam,Wheat,2.8945972375045566
35.44187352390364,149.48442682971762,63.72487713773823,6.602645528539664,37.33179317422558,35.51259843656054,Silt,Wheat,1.4777984783182583
24.302051859224132,132.11831679937558,61.17176602854025,6.20220384377604,43.78142680497613,53.5507568153959,Silt,Corn,8.149362485500246
30.540914083687582,78.11192590577771,66.00353783290163,7.133225310115094,20.093767766227423,60.17824481931578,Sandy,Rice,5.126678719322782
19.800470364372345,110.84251951819309,63.02479357693882,6.112370167336754,26.56808431313288,21.877015167474337,Loam,Wheat,4.463627504086094
28.06386952531285,61.205753687240566,44.550415878345966,4.565035882759529,37.589816954601126,57.830309526661495,Clay,Soybean,2.28499472620227
19.73292218413172,117.17170933527026,60.69118832449727,6.350638504350359,34.480783410128915,41.85197749435494,Loam,Soybean,1.9801606594687882
21.881155196520975,113.51810238587616,43.89467011623371,4.132522346626722,45.32380382587622,47.10790869038881,Silt,Rice,3.475371023479436
34.570156769333934,43.90550981403508,61.216238143512356,6.85377063089139,34.2053670590407,29.907231146524442,Sandy,Soybean,1.5784164634749405
24.046587996183266,65.14648468262908,52.79028087767638,5.520699769717365,48.48109104105552,37.22574139719938,Loam,Soybean,2.9793967594877557
26.087164365898616,91.50583309768699,98.09072434174291,6.663360354915801,35.40017801723141,64.49187988295466,Clay,Soybean,4.378768915503902
29.35033865344377,90.97420758577522,59.40158424372432,7.8140749815246044,40.6216744758866,50.4929506097032,Silt,Wheat,3.446151869890464
27.47840943986302,63.71569193743584,38.93640650607617,5.551251304732,26.764850532155428,44.25832397435662,Sandy,Soybean,2.99226955524014
25.752094525717883,111.66936188056552,57.98729683984613,7.561256258512118,30.14287211883989,48.25267471053448,Loam,Corn,9.781437994824033
26.824805012331126,107.54420826821536,67.79038118456832,6.066610433313847,39.109444038394756,57.33817736996452,Clay,Corn,7.787605997010162
37.01707792619138,94.17192604064442,85.10045919228786,8.253194802065586,46.12978170593054,56.607417442450064,Silt,Soybean,1.924962549256867
24.711906014832074,77.32625499524912,51.15821400091922,6.134847386801787,37.29236949310753,48.87459499404799,Clay,Corn,9.191413636492147
26.005495233574837,131.4612137924969,36.2635803896454,5.659507014493308,29.168282280653806,66.39438666345002,Loam,Wheat,4.112506315827281
30.25327198003806,149.66221339264885,72.25255517146472,7.187238450395288,43.77335029528342,64.55693955359999,Silt,Rice,6.1027242860189705
30.52762966478992,85.49315548460389,39.29101941150523,6.064210270376364,10.0,56.20058043695594,Loam,Corn,9.924883046892322
30.9351515278019,81.63499248535538,53.457668377387726,5.658550485870991,15.777654984931264,50.819176743651056,Sandy,Soybean,2.745761358133104
28.19365111014592,114.73622996235989,56.13569271733509,6.022160149296209,36.81634223668389,59.85981642679309,Loam,Rice,5.079009220336455
19.284975436347583,89.25911860759041,58.955498200498376,6.455393467816998,30.14108356253125,54.71401132701775,Sandy,Rice,3.613546438980151
33.16715766150548,95.81808398010297,70.33746685611503,7.842180131244854,36.055136511241656,65.91200107708922,Loam,Soybean,3.1837436152781056
19.26827303490656,122.18959455174014,49.74548576570419,4.565912254540423,30.64407522431942,63.493420651074615,Clay,Corn,8.048503597891665
26.513177326195166,42.71931737478121,55.89406121749859,6.523080658950421,35.70945694603873,34.72619147873407,Clay,Wheat,3.382695388538915
21.22862074990321,139.54906974558008,59.78594470575917,7.124903594654043,21.855971790068093,33.7105524388744,Silt,Corn,6.665874935684016
24.679308267035037,102.18041572988024,62.24396936278182,6.6934485749917965,35.704860860796906,39.48125683393886,Clay,Corn,8.397680411271063
26.6438120515174,87.6552056631346,61.46740762061884,7.809865169433534,39.944145282075844,64.64208035100381,Clay,Wheat,3.1950634363988506
26.606786077251364,97.32297537335653,66.5400866283387,6.425654670241475,42.205506039312326,26.355365048431317,Sandy,Rice,3.19610303769147
27.109603771176424,98.87288065061556,72.65759264462606,6.3154485578140545,50.13554294648699,55.9213608366199,Clay,Wheat,3.409382788657337
33.06855634529323,48.06396089665224,65.88951173476453,7.092329547013343,32.440984435023864,55.43814636639442,Sandy,Wheat,2.8021104029045683
27.2676715075699,144.84814682359706,66.80378285263828,6.5993138149513495,32.73911086847179,67.4397208802929,Sandy,Soybean,3.878250616310984
23.779216823546758,101.23976896811855,36.266652498802834,6.109591261719529,14.768275358261523,52.70508035995831,Sandy,Soybean,3.3518222786145633
29.820435841441785,113.29006391342125,60.753415487485206,7.016144039586379,24.685885988615752,29.85185914124149,Loam,Corn,9.904390836869553
30.947352444623203,128.54649311722127,67.19261322002413,5.847471706783355,28.069179259933875,35.60967559027816,Sandy,Soybean,2.4635446904302793
18.86196092431504,69.365126273191,70.93411791855675,5.888822847980673,40.50319552276355,32.27006717153263,Loam,Wheat,4.025175466845386
27.98700034924929,114.20415697105685,49.61473838649309,5.972005978234386,23.88998875910371,41.93084050500289,Sandy,Wheat,3.0232912351667935
28.50586371155449,91.97076727303619,50.11441087667033,7.853069160166408,37.963400197488326,47.2564764886411,Loam,Soybean,2.1268458620281625
23.51218248320004,125.40312325649481,51.38848987074603,4.0,29.9837828303662,32.51837710668414,Silt,Soybean,1.9530987335411554
31.878534066558096,36.18317738945514,68.04620849837015,6.895598834762942,28.228318848852382,72.05992985978435,Silt,Soybean,2.494915029741832
24.249722064837368,97.02717099276192,75.50821582386313,6.534271814200222,32.48893969133256,30.120779420713387,Loam,Wheat,4.889011086472577
25.627882267357712,81.91538032648116,53.88809839062598,4.81912954076188,26.088436277471573,70.19155135793721,Silt,Rice,4.371760174931836
24.13464087858065,112.96788851902467,73.61943470440573,6.809726779136002,25.709627519073344,67.77744547159011,Clay,Rice,5.259302537046028
25.077895237907338,114.10132562104606,61.85219713746891,6.975751991831532,12.952140942098854,63.47453824533553,Sandy,Soybean,2.5400750451114145
19.518624565523993,78.77122315533921,58.135713342563456,7.0896392313574,27.520457926721104,39.59350088754874,Loam,Corn,9.03399154916991
17.79974558702853,78.6347840747187,56.829236552730464,4.0,25.200318538512736,55.13676318765352,Silt,Corn,6.732721723340015
32.97252531612486,96.68003894328012,71.19917046903235,7.866389411854438,24.840190106509205,30.83943299674073,Silt,Rice,4.381615752998163
20.76519325840836,73.10073318054376,64.88366725180605,5.762263295315159,34.1687306259004,63.66360552550624,Clay,Soybean,2.7054189897295657
20.043038252718464,125.2595108635638,94.13738141471455,7.186567746753176,36.5863195279051,48.890228276955966,Sandy,Wheat,2.597724517677751
14.233049431981426,88.92378398657661,47.21663035504014,7.241073780682286,32.321945046423274,43.86019678119972,Clay,Corn,6.9310095555697115
21.805191261552487,12.790353420350755,67.77152553044964,5.623302914380707,39.95415190449474,31.643827300155962,Loam,Corn,7.329716281938025
18.38455103296251,88.75533830134582,52.06198485282731,7.16045995235155,35.75561925830365,12.837408220564747,Silt,Wheat,3.194866389856982
33.21007580068185,68.84368537468083,46.960695195170345,6.114506759087642,27.04943810194358,34.42188714446366,Silt,Wheat,1.6826640947283564
30.04908544671317,51.061725536171636,59.83699294447542,4.428622820661843,25.3714371428562,66.6919729341936,Silt,Soybean,2.1600873015018967
21.559248274111383,62.877200853322826,62.06028719110554,7.667741925527779,33.128222367668464,43.95749857287794,Clay,Wheat,4.478352577351282
36.26217902672154,103.2822541549891,100.0,5.7249550369837605,35.73767109901901,47.46006714327429,Clay,Wheat,2.622381331133203
29.90882743495797,139.85922484744694,57.23781276475197,5.645506537261946,43.97844307031498,59.83331537432679,Sandy,Wheat,2.6266857610805974
23.37584308245689,109.3955342159494,43.04731905772975,6.096934131963278,41.911730449400956,77.08503317174397,Loam,Rice,7.010321990934744
12.502971425632134,81.80489835352782,64.09516076241579,6.772236725327388,24.58526993492831,69.87506982418458,Sandy,Wheat,2.1464284241743665
36.45471286295371,113.67712585512108,28.880399436804474,6.4427295891778975,28.979937198727384,35.414974942757176,Sandy,Corn,5.95077575493692
18.05213766618202,86.22729069343025,58.620648260936015,7.048066924707171,36.7101780491777,20.861441428438905,Silt,Soybean,2.0100954538940026
16.773006265215542,79.16198892510566,60.24037923442741,5.1605106334713415,40.679977780589724,85.39421388650155,Clay,Soybean,3.3362357267410077
30.112852160048202,65.36911995301047,71.91900574417818,5.757613629569265,39.38969468704792,84.0348741748918,Loam,Soybean,4.363981023083855
37.19876203169636,47.44513579744842,74.6043337414177,6.384002927678466,29.361221671686533,52.82680394643924,Sandy,Rice,3.180794019352737
31.92136409255259,88.30228880321664,52.446455716384236,8.397887292658705,17.459773475714833,30.942676316272674,Loam,Corn,8.728162086333795
27.819545600261797,104.74160469760396,57.740789780551005,6.386187461586242,20.010636237544087,64.44839800840909,Silt,Wheat,3.7010337002982294
27.97377170832643,97.10128989955331,48.508187540839934,7.585222263661631,32.72633514319414,48.380244709810846,Sandy,Corn,7.354047857418689
29.26707779390154,87.52099216157924,43.079061677884596,6.538555168784318,33.422255794243455,48.30528315340084,Clay,Soybean,2.9790088718404673
28.794642948933827,71.62761817909657,64.64842169070951,6.016341362562431,19.01320626565615,63.41688264657694,Sandy,Wheat,3.2026679079414975
26.405957119846878,118.24738575054906,40.896216771051016,6.253275575885559,30.445696108892715,55.01562120309948,Silt,Soybean,3.5087969848263105
25.52100551975938,60.486042401602454,53.78059649142205,6.331580287971119,36.31224356971783,32.212776334775825,Sandy,Soybean,3.1504716084603914
24.687034360502388,123.28083741530426,45.07239060151144,7.103645738960738,18.487733424928557,45.12887097377039,Silt,Soybean,2.975259003609149
21.23017705566662,69.93348943219826,68.2452477943539,7.8746112675765545,41.049972018044144,59.9172939299202,Sandy,Corn,6.085159186972821
23.59662461566613,77.42694287940895,87.02145148899731,6.859680847686321,26.22468851440175,57.65378333607528,Loam,Corn,9.751391125374079
16.535215929023074,55.99644428152969,40.476180257950034,7.687077678741756,42.57613112576651,53.93024861537714,Clay,Soybean,2.371181410167329
24.50830186602625,84.9579355934309,32.20472275653646,5.535210262370314,24.665475542240998,64.00134431713796,Silt,Soybean,3.941517863801436
20.057044464245415,129.25937375433938,58.12669671974899,6.085369491185969,19.733745171158212,44.57424518274103,Loam,Wheat,4.124001837446112
19.482053413921143,115.46884265331869,60.235466939366376,5.775697465792334,25.418630101582806,52.68004662828608,Silt,Soybean,2.6758421226809004
25.899470755767393,129.35266336084106,63.279889601359464,6.814444590874853,29.0485187692268,-0.6336865026639984,Sandy,Soybean,1.843835414492067
31.960011431722997,115.66427637801807,53.30519227148483,6.141041614820586,26.11520093228519,43.25524709235779,Silt,Soybean,2.945817999908775
29.591583030011563,66.88990514408891,56.99041051761852,7.229772937034196,27.839985784268865,61.458543628634665,Silt,Soybean,3.2988213905325194
17.147496981884114,90.07632327017328,65.51265615810904,5.568998288367559,33.3396514967619,44.14408299324286,Clay,Corn,6.959307911014563
20.051859317148313,76.59402612647612,75.60646338967258,6.543030973321281,28.288206302036006,43.00658912424332,Loam,Soybean,3.449266340550382
29.70385593994108,139.91724712117121,30.674268445225756,7.186857911012256,29.33887606047993,34.37820572337772,Sandy,Rice,3.549840471941256
20.087563032308452,64.09634060721066,54.465908414528066,4.43469722495939,12.90773600797404,65.05048839093718,Clay,Soybean,2.6517557318287293
23.876834250014877,126.81093068167333,63.20713190911595,8.621631307330203,33.91698016010473,58.22694910310856,Silt,Corn,7.713853591026539
27.75026049512276,126.78861610326308,46.23035843083896,6.216848115120125,29.10796702308332,62.38121896734627,Clay,Rice,6.149895854222438
20.158277725681824,154.8886060514826,85.96754447650949,4.4749600863238275,46.102929804828705,24.106790570631656,Silt,Rice,3.534409941361098
25.5268775307298,87.70940222111508,50.46885179656894,6.658093898576786,20.604348327460418,47.59324935101549,Sandy,Soybean,2.2832540585560066
18.329872525408977,121.36966478740486,59.38060969489076,6.533443467973151,11.917046715004854,45.79833488374991,Silt,Soybean,2.739312473701934
21.99316178024393,168.44955509616528,68.34033145263436,6.418105620427507,36.18068493930042,45.791424401021715,Clay,Corn,7.68973696373772
26.598909670712686,81.4707496919891,51.13072816797158,7.491191112926666,33.46527018313,40.75958684423066,Clay,Rice,4.665646297129238
17.035031332341653,53.94879257402921,32.301404282933746,7.247444971427056,19.91566979468854,44.80843592329977,Silt,Rice,2.2303005194702274
27.202373689801995,43.59969898276709,53.570182096252,6.797876191023845,14.702510449959085,62.74467174059978,Loam,Corn,9.6842387092416
24.901811005366593,121.38136086583994,75.44160833890561,6.950155633946648,45.3739673068429,21.30722969978256,Clay,Soybean,3.13427187679724
27.762449772085738,43.50549375824249,54.94657309822292,6.395641550561914,44.14110390606782,76.6594215204568,Loam,Wheat,4.210401370554146
26.119570670323306,88.83042841186231,47.30348547811532,8.275490849240049,10.0,57.25761687539692,Loam,Wheat,3.7168582114911883
31.82070214986922,113.11939561116883,73.88508314254082,5.020803981642233,25.417769707434992,49.36502156509681,Loam,Rice,5.125213055062074
25.626122513239537,105.55526610489743,55.03837655965421,6.639651674215896,46.64192054783899,63.602512195593896,Loam,Rice,5.7652706676196575
22.852972294373735,112.76334592552517,52.34758779524674,6.5650246311887805,25.23937442222133,28.222478822473473,Clay,Soybean,2.885391105971542
25.611487515161418,106.66869567402563,62.24184134494964,7.313280406064593,25.093877659733472,40.02948642273479,Clay,Wheat,2.910767820932496
27.71649014518194,138.3659743994018,71.5612531442818,5.656146122575101,27.172406723706317,48.18386851414169,Loam,Rice,6.3855447100107146
25.24430035162852,71.4305085778361,95.72570297598818,4.756327397603464,18.791030262318408,70.48340555648267,Clay,Soybean,2.8090909924549097
25.202958456019413,79.69014584624406,72.40854161486135,6.656823016098193,12.952242557719558,49.30255128310163,Loam,Wheat,4.252428947911753
21.490041560966223,76.82021664187528,77.39759949582516,6.781230492218604,40.52547310734749,56.75082006777719,Loam,Corn,10.1508900264626
21.68549541224526,124.9057543558783,52.41050701518217,7.989599409447649,11.570630937523244,41.156315060958086,Loam,Rice,5.11086516320256
17.986973641001534,127.0119576518519,44.61197841045785,5.229637953674914,32.47271452108756,57.302631034512366,Silt,Corn,6.508692704779738
33.7478837159347,113.53675957955525,60.934970244286845,7.65469376671672,38.865794927576495,75.15859389461686,Sandy,Wheat,2.250785452368164
18.780683823043574,135.50481000669782,61.607548728893946,8.867414364027121,15.487737010988416,64.93290037511171,Clay,Soybean,2.159202593587408
21.53547401102046,64.65877397870858,43.82230887953104,6.122235112477523,20.757315974049284,48.778160183331806,Clay,Soybean,3.1486934344102764
21.40796367215401,150.01672334653412,57.370582051439804,5.209057780506776,42.131791883915895,60.13236270898204,Loam,Wheat,2.9715904501153316
29.474621884722207,145.69715865136774,65.98976402578697,6.093025633626629,35.3289172022704,58.662754319108174,Silt,Corn,9.144616874620741
23.52525160853986,122.0686599173724,65.4059009252712,6.514004967371381,23.827142931211128,57.598815075459136,Silt,Soybean,4.089424589094567
31.238710363368668,153.4539672631318,67.56431780076409,7.0637878750069145,42.02249003361171,66.67930041290613,Clay,Rice,6.203311523069286
21.63254687878066,50.30130376966679,64.36447095206165,5.908605270161953,42.06535723454302,66.56716555756199,Loam,Corn,9.654391989294153
26.39497081111901,84.26655591212045,52.394870110949164,8.055198534147342,32.69052693015707,48.09262104687674,Clay,Corn,7.892560790382428
20.823264733701215,77.94089617954143,52.29149060026735,5.385467684991938,20.998397721263373,59.62818592216654,Loam,Rice,4.782217291263061
35.72574563886694,121.6443797127203,42.01572903009186,4.7607948478272,25.865512965282047,44.25357618260309,Loam,Wheat,2.6735660350428265
19.062007904852436,68.49577781193562,86.77162558777643,7.606710424287318,32.8638674395539,36.153914055266334,Sandy,Soybean,2.423930756637934
26.549103551135136,122.72485448012456,60.201755469289395,4.2253789687938,28.114051708525118,45.9575936644402,Loam,Corn,8.526819697484038
28.168884404660492,141.1160843199014,56.627204163077224,6.295870231127283,39.38957178234851,48.85582772390626,Sandy,Soybean,3.1096228093329454
27.068995487257492,120.85608700251998,46.06811877821312,9.0,14.702259198906638,25.07628516233012,Clay,Soybean,1.6039313520163625
24.073561705611457,108.51253070984504,100.0,6.487956447040069,15.057364709337612,62.904988391250804,Clay,Corn,8.996636744479785
24.35089650133287,70.36379977297753,43.90007951665657,5.37923234930375,31.808711114824323,8.49011866096403,Silt,Wheat,3.0162736489775512
25.219057359895547,74.59447101623905,53.5672811159089,6.442602536213206,25.084555861930955,90.72225409229483,Sandy,Corn,6.914032797024743
24.264989991857558,137.4885671589,66.2375525442909,6.449199211380466,23.729513853022592,72.52818700694479,Clay,Wheat,4.062855869398855
29.819395583974547,123.38047011715997,69.00319448616416,6.6606499403531165,12.319432808256028,46.084869137415296,Sandy,Rice,4.762661326052505
36.05261500795676,98.82941441867368,74.36898082823527,7.1622629821596195,30.195458447981817,50.141395408456596,Clay,Wheat,2.359995676609831
22.212541074960832,87.46271362702328,87.11412761653895,5.460888831632261,29.472448919992342,54.54457810380925,Sandy,Wheat,3.555897070911416
18.150985102104613,39.22576380665869,67.59236483191069,8.187548055236794,36.53478981951741,41.16259418016587,Sandy,Corn,5.517066468630773
24.558589758243727,67.87442743946684,44.159538000499985,6.745114284372618,30.68906133120972,52.889287213804046,Loam,Soybean,3.936944541799982
37.898546688271594,157.3425726141917,56.14582312317328,7.226794046401804,28.673959217595034,47.840000334475086,Clay,Soybean,1.942422326873653
20.981627160151348,61.586332869926,64.61748558770827,5.871850600244358,41.77000636790337,48.58590924153551,Silt,Wheat,4.563381568945272
33.195584027220335,105.68439463663242,91.02339062258736,7.786382136995534,16.875326965514503,52.72191595220958,Loam,Wheat,3.0675245095534547
33.388504070382204,130.22331919585596,39.03291782363554,6.242947591186935,35.36389218847576,30.297083024690085,Silt,Corn,7.936744001927726
22.232058791460027,62.35231995993123,78.03864757837842,6.777552513493532,13.288528352046512,50.593545862004724,Sandy,Wheat,3.0620640783846493
27.844915395926378,105.5413142434325,62.69871554319625,5.56689392281289,21.616381199991924,52.45171619926216,Loam,Corn,10.232569301799757
33.14198311564269,128.13746612531966,72.56745802844222,5.503068373597873,17.873428673766863,51.93274432033871,Sandy,Rice,4.378698290293036
23.104361295062564,100.37497965721751,58.47007925046102,7.188205306452883,37.81942535451918,46.76253866845768,Clay,Wheat,4.418831910914985
23.982098199488192,186.05209167000305,47.363510548105104,6.056393169792614,29.34589766404606,67.06786663954057,Clay,Rice,5.901723925987624
22.09159543025678,49.94202223365414,71.26309169101998,5.646176912495623,29.864967554070233,44.69521167677673,Silt,Wheat,2.7491201190272117
19.926216346535668,131.76185589651635,69.81646540658431,5.85681665797297,18.93267012270549,53.409888602347856,Clay,Wheat,2.671548742307714
21.753612274669965,94.81594787810607,74.58085448609583,7.198953071717421,27.003065040671107,69.45946300888319,Silt,Rice,5.031073812446878
18.880298666188718,123.15760464510025,59.80043046932047,5.870962138796389,22.365346966908884,48.809357899695314,Sandy,Rice,3.3351599451192855
25.17041734129613,113.23921455097738,51.00266965020226,6.382345068397836,33.834550148542164,53.216949012013266,Loam,Corn,10.39145055240148
21.15013384470679,78.00531408670011,36.61819507464237,6.515027750287097,20.089088646683862,48.554230455276546,Clay,Corn,7.91575358155084
26.16892955895374,106.86989177378021,72.2905990220911,4.5826511139897015,43.29794365205076,68.560546903454,Sandy,Rice,3.8693250487245407
17.220521768981865,44.262956458051384,66.3583422366598,5.028873594626482,13.244195503759055,46.13413157620557,Loam,Wheat,3.189444235280329
26.654401161072286,118.09742501714182,45.51326050704061,6.836277889247563,21.934801675434386,69.25031865932309,Sandy,Corn,7.094931957987741
29.167644808044624,108.94475397971577,51.92139490055064,5.762970638847303,46.77200509966096,48.44618158029403,Silt,Wheat,3.086308085978077
15.031321787142723,119.15980505929306,52.99861782072839,7.556724911280418,25.648612520379658,37.10810414827975,Sandy,Soybean,1.3964527045533017
26.87028284923786,131.7435497526145,37.75523352026373,7.466807104250544,16.85121335595588,60.19059755861181,Silt,Corn,8.303872926381752
31.13834496236646,111.02859520629133,47.73476405092299,7.219168666355437,32.19071562537668,45.42998249366516,Silt,Corn,7.98364225016727
18.951794906543974,104.44268259394829,42.99254464790469,8.319771787312597,25.246077577854578,59.307513486487444,Clay,Corn,7.102524057717971
33.362861934188516,73.56794990016124,53.81281482168095,6.416910672256817,21.641297443816942,9.05893422614399,Silt,Soybean,2.6001140544875927
27.095095046830227,78.63337709052847,48.919537525056555,7.148881925903839,19.041291892012826,50.0780789284242,Silt,Rice,4.608068476602525
21.474940721207957,135.60203860531993,35.59492618699877,5.915599023403969,57.683736056259434,43.105920518637795,Sandy,Wheat,3.4533881368834702
24.72115461171147,143.09006217117934,90.33885345854222,8.952369912868724,27.484480998158638,34.05111970203083,Silt,Soybean,2.6649797527288492
27.79163456260861,92.85668691063837,78.78811096543846,8.48363365243602,10.74432639667123,41.701384972403005,Silt,Rice,4.477413524125369
25.380026957062057,101.38008241759822,48.314708677200215,6.511880434517792,44.937097590055345,41.394452835610224,Sandy,Corn,7.131813966345094
27.693779962231847,72.86156875018702,64.08632094980415,6.886586229905192,36.11070905110571,49.280213077241285,Loam,Rice,5.714661048813536
20.39663203460317,135.18270535802336,66.26197634731942,7.8592975993648055,22.335335689802122,29.490103080725664,Clay,Rice,4.234322873497696
25.84680412018039,119.96250471075336,77.86628782160216,6.352860495185893,20.668809113138582,54.7441067038957,Sandy,Rice,4.50815106875085
17.9314275154751,158.23652309391247,47.72092460009882,5.843375929200295,36.73472796158231,70.49322177808682,Silt,Wheat,3.884614843748868
24.4438696932565,73.65030768460784,76.38160175973638,7.373989751006882,27.530816725105453,54.2139274542174,Sandy,Rice,3.98644758826382
20.480461792676053,88.65976302945349,51.78142043689597,6.57843924608367,10.740221815548988,62.13482913843514,Loam,Rice,5.137285376202875
21.322350287051165,106.94337767576717,39.9620639374708,6.6829944496452605,47.87239964604669,66.41843681920693,Sandy,Rice,4.664431440947668
31.18046587605219,119.39468613177311,70.86204838971746,5.665728656932035,25.66009537784043,68.54734268276265,Sandy,Rice,4.743698538386861
30.456550602971344,93.52997087357103,79.36137636183642,4.7823278516366035,44.95571736482427,78.05208039231958,Sandy,Soybean,2.8126224634457357
28.045690604535885,73.81116728638898,98.81863460296026,6.736142409879101,42.784349579657146,42.51197002586105,Sandy,Soybean,2.544516946294328
19.538436176637106,126.44222586770714,42.004121023646796,7.4049620414941995,19.989904555171858,39.222740222583255,Silt,Rice,4.1332490839826335
23.41795775152599,121.63406087636744,70.48379527621184,6.274193250923958,40.331898643631476,61.75198472487102,Sandy,Rice,4.889457409706515
31.065488499895917,72.51177698308825,53.85298134309701,7.9364295195588666,23.48557450136319,60.623993294860995,Loam,Rice,5.737374860767967
25.708584568199523,140.66328403316487,71.75038065786048,5.796083674584455,11.332994131960582,61.63512949423534,Sandy,Corn,7.179213451638611
36.59664769990847,135.1059612758981,37.942656731531244,5.44529554503408,25.754018339778575,78.33923681375379,Sandy,Rice,4.797840648865733
26.96658919697186,104.02889491743379,41.05845336452154,6.432769692803869,33.97637501776279,50.17054863197741,Silt,Rice,5.842592083674285
25.960245582450156,102.38793587128109,48.36187765250274,6.41740742464871,25.372633520036622,56.392348394692775,Silt,Soybean,3.9837127341649845
23.454417678987493,116.62173313347722,61.184460685021264,7.269968731335222,26.929516590748985,35.294176227747876,Sandy,Soybean,1.9035655795069475
25.66770452391141,74.14890789231225,50.38378100192467,5.7250371759360155,41.43566044928613,82.02981685963937,Silt,Soybean,4.611939382564344
24.23765081809728,100.90094437492246,69.88581515870129,7.868094236814898,31.06493980290092,44.95182618186333,Silt,Wheat,3.017325753655506
28.54054338344295,35.42849366172459,75.40341927386872,8.466916962508254,21.567016887150473,45.37676107758755,Sandy,Corn,5.455783853494858
29.78351158397292,126.29366936508806,68.99366311868033,6.460855973031658,37.020303236673264,44.79875163487636,Silt,Rice,4.719591993594253
21.070052697460252,53.15520332674422,84.28181459491302,7.749710420184319,31.976755669542452,40.326562120334934,Clay,Soybean,2.5058748619101547
18.34383523221111,145.10259485286997,66.23739944183015,5.4435029293747395,10.0,39.05844426728526,Clay,Wheat,1.9255516124493757
15.818973134483517,90.0963971810065,41.74654934489749,7.575221541181916,34.28352913771449,42.144435756657124,Clay,Rice,2.913009825954732
27.539956634562717,93.6499905420647,80.45064770307509,7.547276408559463,33.91828707716102,29.51306107923583,Silt,Rice,4.551236983439433
19.483166969130632,81.16798281746483,50.92265646591004,7.363437280189879,30.2012112958086,38.22023119605143,Clay,Soybean,2.853643135117987
14.235547035237586,91.35883378233771,73.65627749528355,6.484436911129706,38.917005810695755,79.2344466717143,Loam,Rice,4.654070655619556
26.942893022654822,142.5559403544411,83.60601324832659,4.0,23.27606415673498,61.03482715462053,Clay,Rice,4.523468585406101
37.46499758716395,25.365740303947618,66.85032016095599,5.85827285634787,33.36499788820901,63.88856265091577,Loam,Rice,4.065026876811658
24.969645442300532,138.30896158264562,37.55761780253025,5.874083982315398,14.330406288326472,67.65813181125372,Silt,Soybean,3.279881161880779
29.19245387225821,110.14070443305124,46.22681750235313,5.521745061939523,34.07090383398832,77.51201846543586,Clay,Wheat,3.6735680987985986
25.409146792737825,63.78935056428353,79.84116700327704,6.622243004547066,49.53059695539896,23.42866172834234,Loam,Rice,4.55897391434032
24.505551734044285,67.74062820852286,57.463159715357754,6.081036554478765,20.05143647532459,31.55175327070189,Silt,Wheat,3.426296931246386
29.595382414938843,150.29179081624608,61.193603024132486,5.675387990234978,22.401978680122248,37.944145086579724,Clay,Rice,4.576679705696645
23.548627279056742,71.63479360171806,71.38236624245414,5.44119985175218,22.899845571084477,42.954053052656036,Sandy,Soybean,2.979007615295345
26.336961570359513,65.39948468212123,70.44484293120485,5.784487014514771,31.29998225801595,45.49145914122126,Clay,Wheat,3.727404676452605
26.608489030980067,134.1194362709419,64.18199718578191,7.621499211849928,19.369637271462818,43.295336707909385,Clay,Soybean,3.2995665483443997
21.659547731784755,110.15658628857743,56.86997443169301,5.838974945372506,34.212473786909804,53.289633696980815,Clay,Corn,8.64801344499855
29.960211747682614,71.86223270390803,55.30997331401464,5.985061293566727,38.46839945469165,50.52943086117824,Sandy,Rice,3.763721498323271
24.125201216522957,106.49874926213857,72.86848237937015,6.043302384976753,35.34347213453784,39.157478072326256,Loam,Corn,9.302942888046982
21.221274202535778,69.22741949079168,68.30354296601689,6.838993513809419,12.315845743619278,17.36676834518645,Loam,Corn,7.373804013020766
27.682549217852017,133.02464195267817,56.140499990733154,6.956249488528533,39.95167665158606,35.106969419319526,Sandy,Corn,8.360257849832832
20.507660091044812,131.841128946194,76.23168469489711,4.0,39.3736741425368,41.76142020031137,Clay,Rice,3.3796130449139605
25.140905786845643,115.9601859646583,58.06448827305324,7.521635213827608,38.30161372346304,46.29380844788421,Clay,Soybean,3.6889112310393175
24.95440501677898,110.8498318374105,47.2250673849841,7.936368034243754,33.72842248655825,33.054988110341945,Clay,Corn,6.927773992969235
30.42947782915789,152.83564374602122,48.615439516449825,5.44981346263833,32.201893142051325,42.6379030025537,Loam,Wheat,3.0352752860043757
27.373491164399763,99.99058982164676,45.31888745535351,5.5277017552651655,40.323893981263964,33.0351891727162,Loam,Rice,6.090826292525988
24.87486520627428,64.54377623737597,55.91384975094469,6.049746612221728,49.23513487603455,48.112709726775,Sandy,Soybean,2.778351891311151
29.088831496001436,113.48421738496921,78.50586417504289,5.743995980543395,20.469595366351502,33.903630074560766,Silt,Soybean,2.3509045200182763
31.951037745086566,162.5814114861134,47.92357228454237,6.723926873946606,40.78125395794772,37.26643015444303,Sandy,Corn,6.329625341541618
27.789051531759313,69.55721520442444,62.827136415271546,4.553474713641136,29.137829019925473,30.369738035162914,Loam,Rice,3.0954715926735377
25.051763099216902,89.15611699918043,50.149659815588805,5.38207239196326,28.703269479713992,47.69748956645324,Clay,Corn,7.7727801167132675
18.4408188382492,112.49338114304358,56.09536438092844,8.039197200174907,14.634693096179616,37.00328345071402,Clay,Wheat,3.2000987109778087
19.674431684623137,98.38285452982782,37.34938182022122,5.571780032651982,27.15210590484605,63.60176400013144,Clay,Soybean,3.141318187902455
23.47387647822666,70.53089258868056,56.691926562651936,7.743428278102925,20.027350420315848,56.08775400039349,Clay,Soybean,2.810667737321395
21.952438989203586,133.6557356869141,57.09441930292557,6.855338195590137,25.361455704940543,48.95222197724536,Silt,Rice,5.096960655595355
24.06514348507277,169.60122166051778,68.10431916053543,4.690732285411742,19.018136162218504,38.03771753984317,Sandy,Soybean,2.027461393958016
25.283249624485535,105.88394377071722,63.34921369883056,7.135329195216206,25.510916126869937,55.70780457974455,Sandy,Rice,3.299803152380398
27.648463771783653,72.87795130792,42.02411812571932,6.382332697807147,25.93889642976597,60.36051334022956,Loam,Corn,10.17337243493735
24.647506109704544,53.531184248395746,76.26297366065315,6.0445329437502595,30.967549184388,52.140326183024456,Sandy,Wheat,4.455061248486016
27.43250821913101,107.73927943663543,63.15454560332993,6.744957093172004,13.85250137708669,74.05552783200396,Silt,Rice,5.011767503509521
25.3223720740506,133.11632029948774,62.9759027576623,6.974633485566792,15.544818522546766,56.89455977112224,Silt,Corn,8.458939040632696
15.122667168230643,114.25503239486144,59.86226469922292,7.20759182197462,33.619142707305265,63.70410826352051,Silt,Wheat,4.360875708183402
20.303323030906228,99.92788477243438,52.23363829166671,7.678252847548002,22.02561882929901,52.00348123303967,Clay,Soybean,3.432641929973597
24.279562221391924,82.32185044632081,63.26703509623089,6.908135912778357,40.74529790229931,60.13496679885465,Loam,Wheat,4.599709775999168
18.95152628579446,67.23509101845731,67.13382653892873,5.124365911213638,32.252697220150466,38.04828150996237,Silt,Wheat,3.2437198143813877
27.999643649981024,125.04253978974646,33.79656462981667,6.026354542348809,36.06762150206407,43.12402455180809,Sandy,Wheat,2.6316546576668207
32.65375416171849,127.41314864156757,51.91858743980856,9.0,44.10692320420895,55.24045330223569,Sandy,Soybean,1.3791676418138603
31.093809258486584,53.628106399278,56.17579544394616,7.224491060381728,26.902891881934273,55.13149222336072,Sandy,Rice,3.91722747708328
23.93278564534896,147.6951693454205,63.84255908541417,8.869287300811497,24.255132945837243,57.614177344148715,Silt,Rice,4.197887088063062
32.45363068424976,117.22213662682003,77.89966508890689,7.895434082199185,38.71702585598813,66.50589338418094,Silt,Wheat,2.7711908609292246
25.743337286010558,141.98783935437382,48.423887781048265,6.741802071555749,35.095135639296856,28.625432422768817,Sandy,Corn,6.145160497533414
23.314570144409803,59.73616754544655,52.53057229773237,6.801407069781117,28.126696901786993,35.38321178584556,Silt,Corn,6.847470290599468
21.9329866822953,59.02527533753683,52.31198834030175,6.463419960123154,43.91457966955942,53.4435896161138,Sandy,Wheat,3.6604405269592712
23.487651567559357,95.53092070698109,47.97708614843188,4.7621953841535,27.877556901600695,39.13454552294809,Clay,Wheat,3.967273347799355
23.059115907293858,115.08353280685583,54.79220257331606,6.518047252468224,30.327736375557816,100.66652361934044,Silt,Corn,9.502155228082039
25.85208111187744,153.8908246878089,71.56203329981957,7.710674552542197,30.212226508342585,57.73579428755204,Clay,Wheat,2.7594653619483367
25.802869905249324,121.18236741445395,44.19246756953481,5.900360005178796,20.65406105101529,48.825037266047644,Clay,Wheat,3.761612985760128
25.015230100767074,92.719561695639,66.41721592729355,6.91195299906181,30.77585389486391,42.267960903742114,Silt,Rice,4.488941539279345
27.184690848731748,69.20892377002323,34.471466549724965,7.351591045893198,43.96760177398491,42.79756575210433,Sandy,Rice,4.577778017223088
30.953231373931708,136.9000171815745,51.57993005336691,5.590319560687525,34.44968315376176,50.45210991972766,Loam,Wheat,2.9040897091088294
29.747770677206617,71.05883722747856,55.05766049673021,6.048697135656336,30.310634263989314,51.67972898931887,Clay,Wheat,3.794002983747751
17.575510157750482,148.85405664316966,85.12289509371098,5.482088509522841,28.38232718834331,43.149512829597306,Silt,Soybean,1.6457427695000817
12.230394325490225,91.46846051180472,55.87796542870968,5.677834393310593,33.30867028406351,45.902716302201476,Clay,Rice,3.396240187034727
29.67159955619637,147.71746217853553,26.981347898236223,5.212394716346939,37.49766628489185,70.16426862851895,Sandy,Wheat,2.670322335657038
18.165606507922895,120.36793870177834,30.016666397081252,5.599551538621974,36.092388308897526,70.76757443976551,Silt,Soybean,2.9497554595511994
23.87617299053658,95.89013531672626,60.51044379520022,7.919455680797839,26.68135138178021,53.780509699023156,Loam,Soybean,3.2688802875820047
19.149434869703203,84.4181088452162,69.20656283684863,5.584522970909708,33.247815941101145,29.881104091448936,Silt,Soybean,1.9799930598801276
15.9900978120999,89.77276367961761,65.6318378644088,6.62645921906069,34.799397411482786,58.07754734958565,Clay,Soybean,3.1362350874573606
27.70731364102394,112.84950077125713,62.51355158701485,5.997131246329044,19.928050124730216,73.31423662416539,Silt,Rice,5.928546282311031
28.795775801513233,102.3146948865315,77.433893962585,7.678865937036939,31.682305411836943,70.54671652943568,Silt,Soybean,3.455195434906541
22.1174479963664,82.18565775793884,51.90613168894303,7.811162296603617,10.0,61.01638779214501,Clay,Rice,4.241981949317516
12.044788539275451,95.03105769047103,73.42365834040238,7.364069982138947,34.82533709821185,71.33634432928733,Loam,Soybean,2.7550748752347
22.268777758737585,102.3573108915745,35.519776724603744,6.806134553102756,36.603430545626814,50.80076408718533,Sandy,Soybean,3.0254682065217087
26.959020027012734,36.13797716755564,46.42578250592901,6.268940463159101,37.475461257864595,59.421544547505576,Silt,Corn,8.029960405567879
17.605442156129357,113.74504344366096,32.89437907602276,5.30812529580875,26.049531478304324,39.7883665051223,Loam,Rice,4.167222377331305
25.91679959889578,70.6083632584958,55.877320489953114,8.443528881122198,33.09046835024035,54.383981842335686,Sandy,Corn,7.497499186786177
24.923450754135022,65.40002790382765,59.30608174100486,5.7403269822474465,44.23953845541167,69.94301365955786,Clay,Corn,8.321186268170374
27.896457498005443,49.37966958667869,61.7115223833978,7.1636463470328415,44.13769648291259,41.15864882769664,Loam,Soybean,3.5126147828292407
25.597901842070765,46.18322506396329,60.92825029330703,7.559565572623397,29.708273007734395,37.0783485580357,Loam,Rice,4.550786352066775
20.13465529559222,59.33657490663132,46.08670003782408,5.944719503094671,31.393196307295597,51.46233408535545,Silt,Wheat,3.72702930023145
30.982857508322457,78.72937127108528,57.14638733380176,7.538012527315962,41.10911144734433,46.60006694414,Clay,Soybean,3.3489976437492603
24.20735213486515,158.59777412579706,37.53829997091377,7.264213203338855,14.991979847378252,59.737215816056306,Silt,Rice,5.1737687841830144
24.86347730245034,84.22360972314388,80.44843462698375,8.227963835381765,26.769242573229754,43.20110711079437,Clay,Corn,7.856151326472753
20.333660204634022,105.33250318804095,55.44560890652998,6.030653533573289,43.355704555367566,75.77659423404072,Sandy,Rice,4.030042640951955
22.783588744042447,112.01444159518987,52.66670821434463,5.214135982720285,39.75200541684766,30.654858530584164,Silt,Soybean,2.0483933608521516
20.575986429865495,103.93195558647547,83.83410492666124,5.994510244555489,33.69263777649905,68.80602179329603,Clay,Rice,4.902991861113066
24.135269700382885,97.6766961782202,41.366301996761564,6.708853542534332,14.941675946693795,38.52726157537845,Clay,Corn,7.504078214009841
33.558542400711715,64.14118709202266,43.11619328952047,6.558212727085056,29.50089766958838,23.06025898123965,Loam,Rice,5.236766812900929
18.140494285343216,143.52782644837635,43.55669512697152,6.10656210372545,24.10084603750067,53.56812734523301,Silt,Rice,4.0268919637398115
16.932193010616295,154.21589930913655,58.98192927450777,4.590802541022757,33.31038902817213,46.180880209791745,Silt,Corn,6.360575167441051
32.35585163746804,49.52023917631943,66.47447444456395,6.970482996129107,21.906533152051196,33.35585948145454,Sandy,Soybean,1.250752925328189
23.95338161424067,69.27914227340861,71.09513202176751,8.4723444790822,19.742766050253927,24.77934662427104,Clay,Wheat,4.118951458955705
21.654636306700418,91.60568972868981,98.57992976242454,6.964251238123004,10.0,49.87458819092815,Loam,Corn,8.389785874684929
30.19952343698038,71.06386615269426,26.258513186988544,7.109135519053513,42.21804684976701,64.63755337435727,Clay,Corn,8.283776495987494
21.97192230131568,115.17896660367596,69.13103383686625,7.072445306155101,26.002294885569427,58.77430239629666,Clay,Soybean,3.9063180961081976
34.13004856773468,78.1518339278016,51.64304141141653,6.8970466698824,31.571457837025346,50.85059973258898,Clay,Soybean,3.30519509650864
28.389629356696346,164.9516820341981,51.2037727666684,7.431665966868095,29.977618835258188,57.18271359826603,Silt,Rice,6.091972105629457
22.560442959271487,135.7164578303079,50.70341807619184,6.895373681185665,19.325660670395006,49.591788014332145,Clay,Corn,7.934414443207142
35.786541066327516,106.37722091896644,46.3684549378804,6.187322830346724,17.409350885518066,28.554136354544433,Sandy,Rice,4.30965081444361
21.97142538498331,130.80958789959197,85.26787251905178,5.704011089991246,19.946848740027647,28.686590221648352,Loam,Rice,5.359120104821906
28.710476860046533,133.17701273071927,72.63445990520854,6.251026344719325,22.768315611706072,46.95247206522982,Loam,Soybean,3.7724336809922137
26.49646290203246,83.0815753582527,60.347939678360625,6.814129496450666,33.66606247013805,47.59020070450888,Clay,Soybean,3.6961991081074217
31.50870644699399,75.51348266374106,80.265236287305,6.183917038877027,22.042823364793886,62.764740177601475,Loam,Rice,5.838800721396173
32.807555983634266,102.34429188908942,37.31206552051687,6.814338683131431,47.464906315946216,61.35956335662121,Clay,Corn,7.957883233177657
25.160020745328833,125.84908373493832,40.039423030036104,6.9391501337004176,40.27151035893151,59.07699523638424,Silt,Corn,9.238051562800335
21.232910648269083,104.17181195960254,27.330484017079684,7.333179431270182,38.08359549665708,45.79575930384229,Loam,Rice,5.470122545423023
27.299860714695583,52.69010553427008,49.50878189815069,7.782794968838981,28.8034109752685,29.290217448347907,Silt,Wheat,2.1992672779056495
21.61142315123947,75.91526668147473,62.425477900571295,6.578007418478857,45.14280735720484,56.18106705599036,Silt,Wheat,4.428020031245977
35.066936237633115,97.78081409216865,61.54287866898501,5.192223434852339,27.81994368878876,57.87753969893252,Sandy,Soybean,2.2196201734168213
25.682676655413687,97.73003187022509,62.240128665898204,6.15489590318081,29.68738585845754,14.172028062834713,Sandy,Corn,6.165525358053759
23.173392243439455,159.17626530369424,38.83414753400877,6.544062567406599,31.699745397492695,37.484927201260064,Loam,Rice,6.046330695732098
25.923401529324543,58.42036172803006,72.04732113921033,4.664231243822909,37.01823040543344,39.63418433909156,Clay,Rice,4.024773809729131
18.264368552351517,115.16767725507624,63.59441277358497,7.888664520102482,36.369080790029855,51.77525301685154,Clay,Corn,6.945677773828332
20.141929807446743,144.6733932498487,70.99581422198997,6.642377912510466,25.24874721555397,37.94959350851459,Clay,Soybean,2.232088466404916
31.00206953972213,168.14349236268387,31.60856733614922,6.881352834580285,24.670062805740464,49.427981467630396,Clay,Soybean,3.2345512055349017
21.71552860514302,87.86807730448116,64.67236288196685,7.865526462526265,36.39902957152084,46.84197589470512,Sandy,Wheat,2.8736042319185398
19.7654450865903,114.742883581606,42.1835214012371,5.869857169857653,37.152365838912324,47.61275792693408,Clay,Corn,7.1296394111540655
27.68326376263643,117.09281071595942,54.04015121172957,7.0740419308840305,26.06648875177127,39.25408559448881,Clay,Corn,8.194750258821061
30.928520773314986,105.86445194659872,68.01547347954575,6.390135876898064,14.12811930321546,40.41522418899984,Silt,Rice,5.054138496741517
28.594766553325336,97.03464396282082,61.366404093838696,6.315913132984081,27.926839039917553,33.79599410328961,Clay,Corn,9.07222759671639
29.980238429029082,113.07926168500137,47.22690030331022,5.727807612195621,36.23525798825859,55.70101160860748,Clay,Wheat,3.5615206847054073
21.216024557152696,24.032617443409436,60.094097342766275,8.165603213686527,48.05416846419781,58.56653942887053,Sandy,Corn,6.168392715538412
17.89094666629078,120.46208470187894,37.026970271345355,6.124499959924429,18.02042037659338,38.44073074811992,Loam,Rice,5.14596002846789
32.506668259777435,103.78533710985901,77.25401093847444,7.199464246895702,25.734287471694266,72.80960144025568,Silt,Wheat,3.791061544088586
23.38660080578932,93.32575309665204,56.92073970755623,4.624992612528064,26.105964384746233,45.28097828836927,Silt,Rice,3.3959924202867104
23.745834917724764,161.40586587158674,76.77824916382988,7.679988529689787,43.55805339431501,72.95278435694841,Loam,Corn,9.244391291316285
31.640970709245288,79.75197943628343,52.10202469355936,7.552211155957059,29.650584995413674,40.36809239252595,Silt,Soybean,2.0197213367985207
27.7811500470033,87.90772032804908,52.14636017390126,6.597434110297303,20.926734406277344,19.601333351008467,Clay,Corn,7.895257804583822
27.27943886040804,159.746599066142,48.5371982004323,6.273057533862076,35.58695282921819,56.03296737368527,Clay,Corn,8.879718505251498
35.825011724505416,75.0381608545043,73.14260897539613,6.900000005613567,25.953614799590536,53.72817657678481,Loam,Rice,5.303311693887082
21.782408848099287,83.49654151190383,49.358532640072866,8.78879066088029,17.756127266420457,50.51590692961375,Sandy,Soybean,2.68110732366348
29.639200640406187,95.5892372970745,69.66893148622765,4.736763301096515,21.072266927238495,40.36651282334016,Sandy,Corn,5.604905527935901
25.285065624485423,125.22203446388647,54.26321403496065,7.282027387574128,47.340419544226194,49.48141661771272,Silt,Wheat,3.5680069068289035
26.342961394316283,106.23407522059941,30.360550501625706,5.5883826978460975,33.84209221649462,42.33110813195709,Sandy,Wheat,2.100514327532824
32.64234213206266,61.22123958543212,51.44528898320301,6.480081603700269,31.07760055452543,45.46475650502374,Sandy,Rice,4.0267985522858485
27.53917878144812,84.03494310618431,42.31337678455728,6.252119880921337,27.50106264187954,62.624483836476124,Sandy,Rice,4.79891818774162
27.691480395248163,81.77936700363367,60.50854085523506,6.071681742202244,32.92148842118799,52.763258442951404,Sandy,Soybean,2.8956030867370326
30.36253668654901,97.68336864330863,42.14388396488265,6.489534870947271,32.802359460024945,59.14927080997966,Sandy,Rice,5.0068266808445285
23.175236352285573,112.77530975889488,73.88962651071925,5.36582885472221,32.92168828207326,46.52197240061315,Sandy,Soybean,2.068721252596367
20.803951663304968,112.54617267663916,58.63386209470459,7.529180436127967,31.14845090277753,44.86973981292837,Sandy,Corn,5.418563147186701
19.775954029894834,46.71964737854793,57.336060078618914,4.7058564888014,38.687983383055496,32.69776203667035,Silt,Wheat,2.9801901731529714
15.16821705311999,131.91822962682568,69.83838206681374,7.039764512828342,30.23104346000731,44.44945081147704,Clay,Wheat,3.788751285896978
35.28103564970161,107.5770653798987,74.45860401113794,6.173464147465429,20.220611644473614,0.18328166616291952,Sandy,Wheat,0.8919294472091657
19.483958171391585,141.5359614278172,59.69851872345522,5.329075106192546,23.875771090991318,41.14667050541548,Clay,Rice,4.712323484675311
23.89373188207114,113.32594981872016,48.43199550676064,6.702383370598695,10.209813065102878,48.77188734213741,Loam,Rice,5.702878652564914
23.615933500555396,133.03968873207288,33.390455758318055,4.943048913293522,50.268171160423925,58.45510481405234,Clay,Corn,7.1539772548160805
26.537033489045506,113.99635934350381,49.7092536444723,6.5397138217196344,38.62754591952687,45.969831837125646,Loam,Rice,5.482216023842156
29.078686062696484,140.38677268608245,50.741816300280576,5.077123092188446,21.699295048707633,55.215103133674994,Silt,Soybean,2.689019662317575
29.302367441798726,115.66751908053335,61.605861794884454,6.961272084317831,27.181551506029002,17.30317007914632,Clay,Wheat,2.326284280476753
22.08461280715531,97.06254260671288,54.82279678292959,5.575642666369625,23.631235257935668,49.147447216895756,Loam,Corn,8.386782103919762
24.164391431067944,168.17304161340644,70.31899458077142,6.049005982970691,45.42547211374117,24.80745810629895,Clay,Soybean,1.5583412399713517
26.412899752441497,126.67111366839677,50.80525093093966,6.7939493879431625,15.80122835729071,31.875447265110008,Silt,Soybean,2.7591734754392485
23.756544369082263,117.2123326301324,59.144382497205875,5.7274578881577645,31.144760588187793,47.192516782042084,Clay,Rice,4.7022615470948335
33.03672788009996,61.710867503849926,77.75981164795334,6.442036000331697,28.91472157435152,69.14395981810331,Loam,Rice,5.92102348469372
27.454874758191256,61.35077147609387,65.12737820932449,4.986169498755146,38.26838630709114,55.56810145205088,Sandy,Wheat,2.469627040946488
28.674388930249087,108.7814644642556,59.09943687467153,7.130875603596156,28.95990772275305,50.27346495705676,Sandy,Corn,7.1103632561425325
28.314406343337062,104.36563593304723,50.97083337097234,8.264913805550771,12.41791123344565,49.707044157993465,Sandy,Soybean,2.9881111259395623
30.867369287426627,81.57632304975051,50.50152904927535,9.0,27.48882165357559,39.29556660193299,Silt,Rice,3.9620008890105765
25.905107793518535,104.2294809883618,47.240801205720786,6.59116814666644,20.27837782056675,41.84024879940975,Sandy,Rice,4.045927853015206
18.515840260220767,147.65880784130786,51.884897013256506,7.288204140797187,30.795795465565607,56.41064068206196,Silt,Corn,7.973142694181988
26.998439758763208,120.86207423650896,71.33498758116471,4.719374327092511,44.34177036520327,29.219592223332583,Sandy,Corn,5.705195011004493
21.743215531040853,65.76974470741786,56.67167593061597,8.002734326305589,12.605747557677219,58.89581075424532,Silt,Rice,3.6461082823326993
22.356916591251217,96.65473518571169,39.753403959281535,7.276228504724106,21.99777264600096,44.172393993217206,Silt,Rice,4.097028670684346
27.931820093775467,75.85100557442317,86.52253939589676,6.016066555048767,24.47307046216503,62.383356123043484,Clay,Wheat,3.2525518171305157
31.19141535716818,88.36900250774316,64.79947786717744,7.737180800289009,26.183689045867887,64.41640185848125,Sandy,Corn,6.475157427400333
25.106357883680307,87.59153003111072,38.89584899230246,6.245523923354659,37.40125664105244,24.9037398124139,Clay,Soybean,2.119908006157093
26.544165062994818,85.67063252187984,53.372266091387644,6.0419748169854435,28.264555824386125,41.27628855159173,Loam,Rice,6.320147082876514
33.51107472317619,62.345938840798155,61.66329574242627,6.975334925427491,34.15802725720445,37.167084680890646,Sandy,Rice,3.10238236210095
26.203765897442842,96.1703595544543,85.56888139946065,5.436645500169681,23.74226956268224,22.809080523902857,Sandy,Rice,4.089561024487647
38.008415570901974,83.1817708945807,43.378313126116964,7.521624764399948,32.299243454179376,34.51200085685884,Sandy,Rice,3.125413285721432
27.82754822815772,12.116539299931958,74.6406107903392,5.444010188073157,37.77797630877715,86.6188376789801,Sandy,Wheat,3.3831413510336823
16.19618620422091,161.5891607350499,80.99229640458515,5.449945210176814,22.677004502629117,59.1426484431866,Clay,Corn,6.817152687848265
28.766708105522664,132.66308962650015,50.57018542388145,5.590310211591666,37.81358119806515,78.75931952908631,Clay,Rice,5.927608049175664
26.90579192441389,88.71097825225011,55.837295717096495,7.259500037516122,30.523727687275684,62.436476600275036,Silt,Corn,8.771913308205548
31.448763770413727,100.56457149221795,44.455361289393444,5.883224638480292,40.45460240482252,38.87235258487287,Clay,Soybean,3.2508134861711424
28.36590675634979,64.85036958047314,56.94808288379543,5.152004215632831,27.985800999230264,44.27343204988935,Silt,Soybean,3.010770464021134
24.307720080081133,150.87168633432594,59.451150384856035,5.8943200000642015,33.81244655162099,58.82654270360461,Loam,Soybean,3.41542267268885
18.878508818553172,156.91866084319335,69.89474997123556,6.467957629319513,29.5939376832147,56.562593052095544,Clay,Soybean,2.593715112879374
23.954883713569874,104.70081184739574,76.3527520653067,5.319027516335614,29.03787737959421,41.339869764374995,Silt,Corn,6.88171948065245
20.7473977289535,130.70591932556033,48.7785590306753,5.348318890965657,32.5893042822569,27.350102441311897,Sandy,Soybean,2.082083574512766
22.097382750976386,105.25860336801772,30.490124036610084,8.611296334099585,35.36807469224904,99.31641781083108,Loam,Soybean,4.329322601119546
27.94289202210305,59.89823683372208,59.681328310856365,5.639434596186113,17.50435088075995,47.88275491485791,Silt,Rice,5.228634806896705
33.34952252175703,87.64529893109028,64.40306294952961,6.176957631226993,44.33633608817878,45.1139166022607,Loam,Rice,5.710840112633904
26.973357649114906,103.95783900315871,63.741265315275626,6.132762999200714,11.403369594502017,51.700016958579525,Sandy,Rice,3.8933969763520535
19.020584689824076,86.36356843769667,55.09990128736434,6.078643192229558,23.15187890261104,46.35907116033457,Sandy,Wheat,2.42082885613814
27.223013341100703,93.44040167694892,61.87128149495902,7.121346739969102,29.057309292350993,51.84093361558226,Silt,Rice,5.403684019748328
30.983157433228257,97.25801327472657,82.73167212528372,7.448142950472049,34.12355969085948,69.30420929174629,Silt,Soybean,2.4881388166345735
21.95108547840309,97.57364506403616,65.72601253443764,6.1940455684684075,45.76172527741379,48.131772804703644,Sandy,Corn,6.40662764339409
24.32991416663541,101.56775471492449,54.399473624953735,5.263521713407651,11.417085117748925,32.55934341008358,Silt,Soybean,2.7381081804479708
25.073440973645987,68.18184800810198,52.49703274356006,7.7744402278489035,24.923058716102894,47.57534308282084,Sandy,Corn,6.158333263547841
21.075508434588798,78.48951552616191,57.45221463483404,6.4046589088033175,10.0,43.033973278851334,Clay,Soybean,3.1233562187171042
28.241402169219295,61.46247202900092,84.5510994274596,8.230321814857168,30.31621973910248,71.35848405870277,Silt,Wheat,3.3215670552973386
24.395259256961094,129.334466490586,57.25048935710704,4.254414102434837,32.716835845000304,67.56678597106355,Loam,Rice,3.8757472585652724
27.097662219535138,36.83059174479026,59.70308483218938,6.69540322128332,45.907957421712524,51.612875006461984,Sandy,Soybean,2.7682559229464863
20.562539110989498,134.60771029950777,52.765296435955456,8.418606333876207,31.206347608934543,30.818962177711153,Clay,Rice,2.4446193036542088
22.812708498382946,141.5904819178853,76.48475036162947,6.146735864561842,40.440251294423796,31.611616048400812,Silt,Wheat,3.624533620777287
28.611906789138857,90.93458239052136,89.39755882117012,6.274506576665364,35.83837081539059,50.2268489237683,Sandy,Wheat,2.8203478289844264
23.135834239541165,21.905887365181044,66.75919574147082,6.795511691590339,25.647518029948316,55.04484453981921,Clay,Rice,2.907264979995467
33.63481925616703,89.16068314098129,61.24159355678139,5.941204181115043,15.910392532079607,44.380657710109176,Silt,Rice,4.229237811860127
23.001819071926988,98.07447516133543,60.551742497613525,6.187928067947267,32.75002298291811,42.797456236891485,Sandy,Corn,6.270824009369253
26.12342362875943,69.6820534021326,24.235398168213813,6.162184905808597,15.078979828546363,41.108011502320295,Sandy,Rice,4.329714318665162
29.662954159365448,84.54344818575272,71.17726296427226,5.872579265573627,42.95207072669644,49.649090596340805,Sandy,Rice,4.289716307266646
17.908171335334842,145.90585596590054,62.012496239937654,7.728856550200559,28.37937897963176,14.258564718904026,Silt,Corn,6.57472406532757
16.19595594009612,119.94781486905222,66.42513075991087,6.961078032296435,41.95177411511416,33.48010056845435,Clay,Soybean,2.8497912576502595
17.371718427149524,72.263076568657,49.328067088744426,6.750628232103302,25.197855658676005,40.59423731828974,Sandy,Corn,5.831403396283448
31.31292051713591,52.07202491213704,54.23314681534362,7.308571006890117,32.68850786400992,68.1125479242788,Clay,Soybean,3.3244876329644986
22.240709270537767,90.18948047170687,53.834625952452406,6.235644166796533,32.09348857334689,37.79279537106606,Clay,Soybean,3.4915742795564286
37.79099642834126,93.59629661948685,75.32434476109559,5.7257961816471,29.54955881989076,52.70702212746809,Loam,Soybean,2.0546193927858067
22.178762006713058,114.88597562089949,54.3186024509536,5.897375695385443,25.67340486603408,53.39814126396494,Clay,Corn,8.869878418667236
25.922756515985185,83.94049862297024,91.23990483164697,6.501783041104609,33.9245601847052,69.46874758491143,Clay,Corn,8.110013178938797
32.71054976283938,115.34498726085585,66.46293628522557,5.440788291627098,20.738367365167917,68.93866110446226,Clay,Wheat,3.3833458437492214
35.03046444079561,158.05462120180687,40.864760100064025,5.999738983413325,17.905646710409414,49.137455468076254,Clay,Soybean,1.490489426517741
35.30751788318199,124.46503067332787,58.071805601220646,5.9838833581285655,42.42826893326828,42.86772888215836,Clay,Corn,8.124512555731808
31.041831152965713,98.55734478007682,50.22487316765377,8.624556229829015,37.27167988892101,40.04250345761464,Silt,Wheat,3.0797728302155325
30.120312629057313,94.50548586840117,27.08426295269964,4.0,30.6589160860224,46.38405166301329,Loam,Soybean,2.3608200199190965
27.962634746005914,89.29980597460386,83.99206410170684,6.320380278594366,46.65142382543782,43.489499685146,Sandy,Corn,6.821173511191398
28.89180538083319,135.41922737356435,70.54713813330005,8.22569379281477,27.322344812751552,58.30441114037348,Loam,Corn,9.743844572594279
22.244071418357333,81.18059662146092,67.99810976848968,6.621844464132454,43.22703219988979,56.30464726227807,Loam,Corn,9.331743768445229
20.909005582888465,101.35668126999947,62.481054904495565,7.253417473421093,31.755740849258217,58.87701786717523,Sandy,Rice,4.668886616637551
24.98312771294524,101.53593705643256,39.269736469613434,6.599826315099768,19.752492499236098,68.88925567154253,Clay,Wheat,4.410295938751465
24.149076887375358,84.94647421565404,52.74574290666845,5.83266661878352,48.4804019177085,77.94303682100265,Sandy,Corn,6.94334057453836
22.733859753363625,58.826033563476976,72.6267116217602,4.2580840654910865,39.90710846624085,51.869950901113356,Clay,Rice,3.0079445977911003
28.481937237283578,109.68923510853004,44.23169955326246,6.705455687036303,28.789789689904357,66.4919565709348,Sandy,Wheat,2.8251137616667386
29.776526042852552,98.1698808443385,22.023460256237797,5.724393395397609,37.271712595339494,44.725097242486775,Silt,Wheat,2.7334697364411547
25.442034431459238,115.0072140830971,56.59340988328611,5.699664593834696,25.96296566002093,67.77510475374524,Loam,Rice,5.733094855318698
32.38765040527631,83.99199080682499,57.873636689586924,6.001012744020888,38.29149035059542,65.92263735763765,Clay,Wheat,3.246454633818026
19.291554429332475,136.62463896439144,62.033451246220636,8.244861406623494,10.0,65.12623954914487,Loam,Rice,4.481002509032843
24.03170270360141,73.69678656364465,70.92777965271804,8.904837542253972,19.801986663054063,51.41104761787286,Clay,Soybean,3.4153609324032788
21.415888396985977,151.36120852053676,69.56408718346813,6.717207937528401,39.79259744286963,39.974627540136666,Sandy,Corn,5.819943241141212
15.6673169146347,47.57090470515215,63.881547078658826,6.0352327760882725,27.503444617810807,29.08207343201785,Sandy,Rice,2.5030034637107472
24.586596570786504,113.04310193670673,77.93297082130064,5.322773582548789,32.07542294888742,49.399441887183514,Sandy,Wheat,3.142086234487048
24.39126245808358,114.26292047579871,37.21545328780028,6.968540161546069,16.532143378845653,72.99518813373774,Silt,Wheat,4.4589322291272415
32.567248716210656,76.13328796177353,67.56872721716086,8.282905600065144,48.478669957021026,45.3523264795389,Sandy,Soybean,1.8482671580708203
28.154058422773886,112.73181813583038,69.39807545005414,6.252659612974843,41.905296437176766,61.77689878190082,Sandy,Soybean,3.1420713159957447
19.879065878353977,138.38556009280478,41.40656570879641,4.121003959246776,27.9931478162467,62.65927100778397,Silt,Soybean,2.2935121323061707
34.27046283167094,33.49543481937806,37.45694086976416,7.170049671815524,25.953041431366735,45.74470668609241,Loam,Soybean,2.4556148336536583
31.105168477626766,115.08234422472444,48.81086810286598,7.485399711450049,40.29604361419693,69.74517256279279,Loam,Soybean,3.4805758589901643
27.91048851734308,25.20187539009767,50.07687836227062,4.914154359614153,49.824704501689276,6.370088832792447,Clay,Corn,5.596607276235994
23.86757950575084,71.03005589430376,71.30129195253646,6.676484183662953,39.537602558113534,31.658745818927375,Loam,Rice,4.609792756435898
20.202803816382602,148.87499094702835,50.78191824463357,6.951226016136099,51.71802667396602,36.26551555462311,Clay,Soybean,1.8579526933386603
23.138966119644735,82.54653899823838,47.15477222578194,6.426892697991062,20.77648670938082,37.704274656989156,Clay,Soybean,2.923314069049008
30.44374309852093,64.78360106773081,50.82549394958161,5.709229080914646,21.80613169501209,55.04394426778843,Loam,Corn,9.287181994153295
34.42293152967304,94.06186813045954,76.77948501231317,7.515937223563556,18.110588819466514,54.35056704580853,Loam,Rice,5.454807712781094
32.71621764136094,162.03719014490656,60.19565061565428,6.0966202540313175,34.41760649649479,55.90985858262512,Silt,Soybean,3.5147400087292047
22.55575289106863,45.049532583819214,57.31123461964632,5.014813837300068,31.7560354980437,58.941222411987304,Clay,Rice,3.3735987923829285
19.401912833554945,68.46070265081967,58.34991751948423,4.4505255143303195,28.480488765280143,35.74843146281526,Loam,Rice,3.6223547273285
25.70443123455602,144.9229504953888,79.38090501489785,7.76084951999931,38.09258628123298,31.727358997890217,Loam,Corn,9.056473822379193
16.157803172185744,155.73107030613198,48.76242410095137,7.116663976471118,42.32328605214664,55.94479523011795,Silt,Corn,7.917032365843948
26.615838570923906,96.89706327129149,79.73262436410155,6.587973547129169,14.743375907131579,40.546518895303414,Loam,Soybean,4.5351247401710095
24.261987068506656,62.828418924200726,63.15744448382255,6.059725363149196,24.030279720988844,26.442874319480442,Sandy,Wheat,2.330175303919203
22.66981749065879,162.87530505427478,57.593709270369786,5.9710015857968735,38.2014359412306,64.57016426812223,Sandy,Corn,5.848863863854084
17.02648466366602,147.8332717524759,97.51350746901423,5.4242633515583885,25.32261316141418,70.92652859753446,Clay,Rice,4.717274281454996
27.568000532848583,120.36840963286699,44.165407653021056,6.068544355440115,22.01793923641846,73.3574133454799,Silt,Rice,5.447679095292988
22.336495801690443,75.6279295318774,54.69471360649491,4.379912784879826,40.18537427650395,52.805115822120804,Loam,Soybean,2.1618077649803955
19.15041582144856,98.5291197748589,41.51353141254,5.7639363465314855,17.1049993027602,59.388981439593536,Clay,Soybean,2.48629172968452
10.638688933591753,95.18919756865508,74.28692955804254,6.1890624836489065,26.98420192208895,70.54802335042866,Loam,Soybean,3.003798748846366
24.862425474746818,109.92553913846733,85.33783400477519,7.109880047190419,33.28644025804809,40.378763149648485,Sandy,Rice,4.585875444860968
33.86125798334872,143.53004314394008,85.04884172106958,6.460073536626636,24.261800860898813,66.66016526081138,Loam,Corn,9.719199778610061
33.30629607273935,126.38251123412209,78.35923129719006,7.294923113875559,37.831556560131745,54.13094351214813,Loam,Wheat,3.1874544939171017
22.714518717068643,67.67871769045726,57.035692983060514,7.8491351051134295,24.31123024802631,63.70567478513887,Loam,Corn,8.751386115859647
21.988939698191096,141.29489350058614,54.521385337652305,7.558170093824102,44.08619493445919,52.79139531313903,Sandy,Wheat,2.2966248520320423
27.34387128037512,109.39396420039466,34.93245341258903,6.9705098473785565,28.742537025042274,69.44385064622003,Sandy,Corn,7.830740161761354
20.008072804058543,120.61197387576749,90.53810302772689,6.511862679180784,36.71270136705353,53.352856438123055,Silt,Soybean,2.7084673088065627
26.50895949909733,143.99622577835808,67.03467117222702,5.519211991586441,37.460239529828165,27.740314107988738,Sandy,Rice,3.845990960245785
28.830401391923452,66.65259251459347,52.620646426957755,7.239944051379316,23.724599972559272,71.77889948472082,Clay,Wheat,3.5783315424556954
31.13466611942154,98.92523263880611,79.92085333480452,8.17974738222153,10.0,35.78703888541832,Loam,Corn,9.125373922993383
24.499229617600236,84.05636345922355,45.40853224859999,6.842106039650418,33.60755754663835,68.79587315365872,Sandy,Rice,3.742388828059471
23.98163124911517,52.96421723903632,66.0993305133401,8.417259148426123,30.722883471248696,48.646356778395166,Clay,Wheat,3.241211562734668
20.610087066217194,110.4012993281476,57.41056298563748,4.974428291938916,35.55826027575127,67.6401647779656,Sandy,Wheat,2.7682724793327225
20.8655982298007,175.3466965475327,69.58015709820451,5.345836615220459,27.73472527617162,67.02152922300148,Loam,Rice,5.600412093574389
23.867605540492367,44.797667664827415,59.04639691220818,7.355201507748262,25.69572301199284,56.45214461473057,Clay,Soybean,1.1185792553479403
26.83682753408089,99.03158166851588,38.23608163333164,6.764290210153251,50.084730109816995,57.62802976440696,Sandy,Rice,5.4320926531103915
29.567923131166246,119.2162880522432,61.13364559005057,7.813782176571808,15.276459384892222,56.33942925788849,Sandy,Soybean,2.8373900260309175
20.984105246598276,103.69234604968544,75.73296212813042,6.48452835927326,37.33950478364238,19.792628655783833,Clay,Corn,7.139776994939906
32.46344284479761,96.60615842452779,59.56175391219022,5.632024577471668,24.25398141816609,51.77495328347303,Silt,Corn,7.3589008100043145
23.644381994787157,61.023509096625276,71.6267268238363,6.286406757794958,26.642213822595778,33.259037358921574,Clay,Rice,3.7852330400812093
24.89316352825782,106.9836022882049,44.3170577148892,4.967316029076266,26.828971674260345,52.56780715618494,Clay,Soybean,3.4629342550152904
21.263941604260882,77.2970806895222,59.60608810095222,5.371409326902965,21.96565725828743,32.85586180425177,Clay,Corn,6.046144404065366
12.878798698635292,34.3023488506434,50.63234317367134,7.47244399791801,35.712242102362396,32.22572088160888,Clay,Soybean,1.1184035673959667
29.42022698180525,135.8377666154119,71.20471260157065,7.3727874144696095,43.906435959499575,74.07401752630852,Sandy,Soybean,3.857366029501948
28.684219485462165,128.75157459526127,60.47237343392994,6.863004284806077,34.700136612466615,66.04171082186285,Clay,Soybean,3.0164212115514877
23.593362214408934,101.5498293055324,70.35110514504919,4.77892247903953,31.03381996212095,49.937861225837686,Clay,Rice,4.053245497914563
25.33495358612436,106.87224064617108,76.315656392368,6.141596424487111,20.135595009007535,52.77152975373536,Loam,Soybean,5.379770899976723
27.579696088520496,132.22954038146685,70.37427862682082,5.275000111339949,35.16825265824451,46.281259613854864,Sandy,Rice,4.415913061791838
17.187270715567287,106.73018970334248,64.09677651440467,7.676533253787765,51.56349631729299,58.54814563969285,Loam,Corn,8.67123963307211
22.354736613268525,127.12052664283944,45.026816122328924,5.916277866437399,26.193053762049075,39.85918450176793,Sandy,Corn,6.708427779983587
28.971323398109135,91.0755339737845,59.95820833999648,5.41425228921845,26.24016420648134,64.90610394301936,Silt,Wheat,3.246927876416003
18.728552884153753,139.3595121572184,52.00364396976251,6.529796165121424,24.389108690190028,46.203697384788335,Silt,Wheat,4.138251674629966
26.467789660833148,109.62357177798052,54.8390406494366,5.859845543165388,25.105857655055797,43.70229506253157,Sandy,Corn,6.612730854157177
18.217090976882975,105.82155830817622,54.38198773874624,7.983743910203707,10.0,50.325695277272644,Silt,Soybean,1.4485446606821464
27.332149912167633,61.89816733863904,45.30111637826633,5.7651891024658095,34.05035385855713,41.13279755111584,Silt,Soybean,2.745365632454619
24.821792588512583,108.60867562905126,30.639921162990152,5.100771740775369,21.544478236453863,54.930235242447246,Sandy,Corn,6.110158948334158
16.924340920472453,75.04135247516646,49.9778542750835,4.347086484242484,13.897368812082,41.93956116029901,Clay,Corn,6.064585076027417
30.823696772285857,80.85151820414518,62.90069177886239,6.469213497586585,37.53189949732549,57.02785404228254,Loam,Wheat,4.123481318733241
21.327042116009753,75.53873115051637,39.77734431858765,5.938069886142074,19.179822149580637,68.24009808367215,Sandy,Soybean,3.5692147345176375
20.948737814928094,68.01295204302325,60.235233547074365,5.071095393488273,26.613309461162423,39.21017469787739,Sandy,Corn,5.980290656223483
26.002845986154714,163.74314209050885,88.50402636466447,7.689226461255785,44.6644239118858,48.04136814057243,Sandy,Wheat,2.426596706480385
30.743186747143575,139.94017185965208,75.34584832878359,7.167245147429242,15.907842019754865,56.91996069553132,Loam,Wheat,3.16811494781373
19.920890905108017,157.61102506432783,84.65312263680794,6.471782121062771,14.67401765402238,43.4621396752789,Sandy,Soybean,1.7813097093957078
25.30839924923986,63.313149413333086,65.8669181539909,7.864326244170867,32.69306189562338,56.964808412399975,Loam,Wheat,2.832862685963855
27.144082501652864,102.13761249732677,77.51264734479669,7.162536033398613,41.494873640103684,58.3309829097761,Loam,Wheat,4.142736793686481
28.46552803631572,61.19477124387713,49.14052904298319,5.677144098481568,14.25658282268037,66.24892664441455,Silt,Rice,5.269371699986248
25.882207776386124,79.12915368408808,50.334895994670234,5.460779836009234,34.076897368371775,40.91014930872632,Clay,Corn,7.623938277036342
23.164860804583387,72.45619049750275,20.0,7.317981544453861,35.80999539961692,35.85837139654288,Silt,Soybean,2.481797479743943
20.862048896756402,137.18752019324685,77.79218211063449,6.896366956467351,10.0,45.38633915654384,Sandy,Corn,6.67289483334558
25.430719415231874,88.1131096569472,83.1048596972983,6.669747767970661,37.9850133790722,35.4837149067935,Sandy,Rice,3.73947152110956
19.639304940071966,132.05138001082048,51.702341319790946,5.653502197131092,38.766058798421795,58.46747306071246,Loam,Soybean,3.956422908158676
10.393247582526964,118.12362668765553,56.190724404041475,7.107947567005754,26.882144267439752,32.573730497353836,Silt,Corn,7.184426022607594
27.182799020788337,169.10916256314368,48.692068294635575,5.744501116866051,42.52346362298008,84.99524627379031,Loam,Wheat,4.2351137908547765
29.519674205430977,55.61667330580828,65.73980327216238,6.398013345406322,41.36455574324845,69.43891792360625,Silt,Soybean,3.920851400795223
13.185337822290808,137.77699719360396,76.8739881795486,7.94694414638698,31.03117925717205,50.188636544004716,Silt,Rice,2.831520704625996
19.95134647645031,134.39322611202184,33.858420391784385,5.839165764189854,25.485546096750664,63.01091739496964,Silt,Wheat,4.012500467545432
28.095771305025988,70.79863485918897,66.14157795963378,4.9270107429271395,20.27172107417043,25.447972035338125,Silt,Rice,3.9281912700881083
35.2874773485585,130.21400009419477,55.84992342421282,5.447452808129889,29.624364906338087,87.85059997099337,Silt,Wheat,3.2030630318825963
25.10396853837704,110.08434889078687,61.70091587950034,7.494298826687623,35.69758919704179,41.14678081699266,Clay,Corn,8.183331289148141
21.35998529385433,93.17571220139777,66.88491002511437,6.75473113738021,26.758231389593586,48.192538791509605,Sandy,Corn,6.74254413592167
24.0855177944758,75.28193539084,57.17696341840768,6.371122621311247,10.0,22.16100069217345,Silt,Corn,8.89058569262987
31.874382095740923,78.42671645652442,58.44619719891329,5.9909061946884306,42.6871389457657,57.29430957111342,Silt,Rice,4.950075408781676
21.770179104377323,161.49436287357778,56.79187248668042,6.98535990755319,31.902232218448937,33.404837643843365,Loam,Soybean,3.1995386368019636
21.00403996674873,100.02048456872448,74.55474302682423,5.650895149009776,26.203755033231662,51.52483642349044,Sandy,Corn,6.135846956831412
22.58628238908984,123.46390004594377,66.28139940191245,6.8056655686425955,38.571583884232886,41.83588350613193,Sandy,Rice,4.304386026104174
20.233356958706437,76.27301854997341,63.30875306606041,5.768745431187043,45.24638596482756,33.83384097604485,Sandy,Wheat,3.4826876422082447
25.613351579973976,76.60441161335083,40.93572418361576,5.602340614724946,10.0,37.93457747356074,Silt,Corn,7.819454169532268
33.1233922923478,132.45954427749825,54.32130385180269,5.862512565174988,34.34263649922072,53.38682051128282,Loam,Wheat,3.755545814107184
26.615396365580146,59.512713653454036,73.48003740508761,6.124592553516038,15.733507891896528,30.777635406967633,Sandy,Corn,5.828585129839604
23.738232489368563,87.54358696284186,60.56544859685884,6.451170164066297,34.99110506798941,38.76782493464634,Loam,Wheat,4.4033371840202635
23.54094365542228,101.02082233216696,69.89297204383708,6.735455795111115,31.279272023745794,59.949100718967166,Clay,Rice,5.051746748699428
17.184045956516716,103.34117805520157,86.49767700491451,4.0,36.3572652644055,89.0371981231147,Clay,Corn,7.7229637654080925
29.415548885735795,94.62720144951531,75.57909103813225,5.692349442253235,25.00752385505345,57.16383229329507,Loam,Rice,6.013793355547787
24.61081401493599,111.87459343287769,61.397375065496135,6.108430022643961,11.267598881808482,36.241075367340684,Silt,Rice,5.251743372746453
24.09760043204687,120.78567267453434,52.33516244706409,8.00506203860833,25.49631808743332,44.49328744891533,Sandy,Wheat,2.2629025820917907
40.965537839224304,122.0391263637799,21.69675605916153,5.419997391617867,34.068476351397834,50.473835092288674,Clay,Corn,6.582241105350201
26.49376454182843,70.4258857399652,57.474226162907215,6.662796618099913,40.15392328675223,44.75862574046439,Clay,Soybean,3.6227207772443926
21.24104474952408,91.47534706213608,55.109812562747265,7.995030309735838,18.281686995274747,63.54587250105399,Loam,Soybean,3.2619386608112513
22.868212018972283,135.84288585630813,65.85549291593064,5.187031470052727,40.270604268730175,53.26210224521337,Silt,Rice,4.82543970057005
30.742228545983775,126.83941562721617,57.69142159537969,6.893975225864402,23.521277103534786,63.61778577364805,Loam,Wheat,3.6111290214764207
25.56635205268882,58.81421645556808,55.19422410844808,5.697728166065479,33.624498815945266,45.28334314553556,Loam,Wheat,3.7721022183824284
17.808610108413166,110.54439701056604,33.30901604239169,5.995366257710765,24.901060471343673,69.88250329581885,Loam,Wheat,4.387901483563763
29.59614467287602,40.65324251875569,45.900482562749005,5.696889166046685,31.821706277121017,47.50271623577681,Loam,Corn,8.938913821220085
21.65927957230503,101.40804706181109,67.14976561200837,5.768142691584114,38.918776345702746,35.43215196293012,Loam,Corn,8.733048117703243
34.366488881087726,156.93301050237932,85.73861446699041,9.0,17.72985922711464,82.65980571563333,Silt,Wheat,1.7956510980183862
30.400240328573243,71.56321848193042,58.537119243815646,7.3444558720716655,23.200941032531688,22.62533379558325,Loam,Soybean,2.474766266529586
22.763390521706246,74.97030863525254,64.91716610361185,7.601737861786209,31.849625873420866,38.91891912042608,Silt,Soybean,3.0818841499732708
31.405081808675565,122.92089344718579,74.28717235429208,6.991993486836496,54.01583661030352,40.59458222254408,Sandy,Corn,6.816331059697653
25.339277552637018,53.71595454371062,47.836590956996254,4.893743211598042,21.36810287833172,87.62459409584845,Sandy,Wheat,4.560950834779293
29.263868375611096,81.01734910344882,65.50221064928164,6.894957970323307,50.40133885996919,77.10288326219768,Sandy,Soybean,3.4514560755325654
27.423664086472375,117.89323412745259,48.892648405017624,7.572929614507347,50.044233036751706,72.40892215463296,Sandy,Soybean,2.8865388621879786
20.768216725045633,80.9714245693179,72.97236657736516,5.6466005259608885,29.02688849298409,45.04012006435502,Clay,Corn,8.69597626989682
21.78225083841269,92.92090038367085,62.27104571927599,7.4653266671611265,27.018474738000997,86.39267005762662,Silt,Corn,8.559437344107115
30.149804087905807,122.32557130945104,64.4767772097216,7.204336209854079,23.079348013353084,55.525280057614566,Sandy,Soybean,3.213244613148995
23.326123339467294,112.64638250609684,48.26102103872117,8.35204004481367,29.31797469667331,64.65895055454683,Clay,Wheat,3.70413432127765
22.981757683790015,108.00455188886205,70.60548539416178,6.082216987486381,15.93280567440442,52.6954307165931,Silt,Soybean,3.7746528722143076
20.224387103253235,89.82633162189885,91.27069381846525,5.402389017724273,29.237609826794024,49.258001430151225,Clay,Soybean,3.02488358968571
27.117995327967307,111.10183345806865,44.88132456857691,6.138371890627455,44.96880273850856,46.22331989110431,Clay,Wheat,2.8697921933703636
35.31262459621573,96.2880195970073,54.90361488528714,7.935570993163624,23.889149375232822,46.855400098712565,Loam,Corn,8.697471213474984
19.662335428728635,113.73416829777354,63.474112112521375,4.671594119158037,27.592756960109494,59.127374730171184,Clay,Wheat,2.534805762152451
25.12109728336379,85.09203924646066,71.79609317993724,4.431624284568968,12.988595257327582,55.50799698163082,Clay,Wheat,3.1257605429098474
32.061102777077146,94.52293076861376,51.60680572065797,6.5893952789316135,33.740620881310434,49.52792944694474,Silt,Wheat,2.931712635797592
24.601793043771423,70.30126622343958,20.0,6.057410707225844,32.64481684951374,72.64285989048281,Clay,Wheat,4.553131002204194
27.26185898124867,98.94977169981293,80.38784241246037,6.507727893175685,30.63702359765771,5.498703968889039,Loam,Corn,9.531220805289081
19.688032359265602,75.66997409113466,71.40759179376214,7.445311771235865,27.831729497778568,57.64830871881792,Sandy,Soybean,2.7158167927349317
27.141535486038244,66.5786064951402,33.85578704270002,5.947430653881147,27.072420812275453,60.76608059988469,Sandy,Rice,4.241893850768878
24.064278674977256,107.75983443566165,50.88646812330666,4.62699416906938,35.01900233700672,67.20444302382754,Silt,Corn,7.588199485972384
29.928649978399314,106.3821932757298,83.52273644290989,8.544481557199944,29.711833984113767,49.026928384199586,Silt,Wheat,2.27110911381095
30.936930257823754,123.48621204845718,81.71694627686799,5.502771712561223,33.14971871555332,53.11880101075936,Clay,Soybean,3.2954048108560943
37.94781821009307,87.06623291274703,74.07960034018417,5.440962877987903,32.149828174545476,64.78922574972081,Silt,Soybean,2.976074800753731
27.898165866067878,112.24158540510267,57.35831349060206,7.603720013722596,41.23427287095762,72.3674960642027,Clay,Wheat,2.9098659244516663
26.628981582910832,116.5239271682099,61.24481128218765,6.115510878958482,36.76994097375054,45.491960222318475,Silt,Corn,7.780268257642469
25.97192150788668,113.34321423494784,58.0361129231081,6.436610147965189,31.928618431501906,54.004636746913405,Sandy,Wheat,2.906792668011471
23.23416853594656,75.23038951593574,76.92359674903255,6.982790124060318,45.184220306521794,75.17860946523136,Sandy,Soybean,3.8136365296998354
26.692419217308455,104.48090446813566,46.86236390257335,7.583583103109996,34.20268529056561,18.139593861817232,Sandy,Soybean,2.845559877954102
23.522992949304854,110.92420888163984,47.91300517673693,6.166539306818228,43.04962688790419,39.64981100278122,Sandy,Corn,6.166489109579838
25.84230488134807,100.21535400723826,75.15411880254024,8.019952005914298,36.069426083866375,71.98753967904445,Clay,Rice,4.919813495699098
31.5879876780398,37.40567024886746,59.334578167326576,4.3642001512651944,11.58080921068457,66.38806750412455,Clay,Wheat,3.2923350269698264
19.967287173601793,104.8146887192044,80.67701033180712,7.259787236953077,43.048347633193295,57.836678163900416,Clay,Rice,4.529371287973859
30.699392805645225,166.37593118191728,49.92731689529182,5.660472441982343,31.35176241342669,43.2710469033632,Sandy,Soybean,2.7334026835697918
31.58557533669933,89.19882193729052,59.178324594917626,7.872271316607991,29.480452290992222,36.77272251521871,Loam,Rice,5.491571768224695
24.409657365044605,78.15768706434037,46.1638052273407,6.642044478830545,32.81348347489577,41.131765711364395,Sandy,Wheat,2.9032070768922686
14.390725504957027,111.20045679134195,60.11044022135351,5.827094667990599,26.550168380429326,73.22012331228038,Sandy,Wheat,3.041904007759135
21.960890064527838,109.37134631399715,37.82179594501802,7.162841093021632,32.270288603889455,40.5733596626698,Loam,Soybean,3.433990428561715
31.484972732805545,135.78205496249242,52.685498685675554,7.393188347207252,24.081239336569077,51.52134446359487,Loam,Corn,9.53899918747164
24.88565968850559,62.263955322733366,38.456192026078234,7.141894122858639,42.7427225873437,38.69438532707381,Silt,Corn,8.022310643909336
20.003488838525445,121.94140757724978,70.40884849786887,5.4703037603669395,28.864118863789496,62.641610451485406,Sandy,Soybean,2.790043940778226
22.47612539385891,117.7126618375439,70.74884009639477,6.015982876377915,26.174161572775667,41.919105794803386,Loam,Wheat,2.7701843805201634
29.203100132522763,95.73560389178361,34.046059042734825,6.495927162878565,20.750741842807262,48.53609164768378,Silt,Corn,7.949311303512153
27.7336678410069,110.1606195376507,80.00828618250858,6.45874034734994,32.68775789148641,24.749268004357617,Loam,Rice,4.626506686381731
23.80533950415153,130.88372444795073,97.4612268962978,7.249745475438347,31.871071001250918,25.799476456925905,Loam,Soybean,3.1198609113259517
23.165877940926563,126.1694614008535,60.69009580104512,4.485098767493392,33.88424613677506,50.115097899822594,Silt,Rice,4.1933775745782205
23.04120925478089,65.70942063778814,50.38328609663033,6.834327054553503,19.72748112494871,30.12264267203357,Sandy,Wheat,3.2127131356444636
20.387949077507486,124.60474560266454,100.0,6.21001864556336,13.988188011884269,81.57629959001753,Silt,Corn,8.199818632448826
33.07687844734721,98.05934184902445,40.21547252546234,5.661499383616047,36.255913025065595,19.077153318316256,Sandy,Wheat,2.1525898117927658
23.3883976539433,102.18622294046546,60.30159700303648,5.757513222230401,44.84641861876508,37.99737052003844,Loam,Rice,5.305428985732055
31.085792604127484,102.19590973005083,62.69433408947885,6.285462335482037,19.73646377610104,50.250513009013254,Silt,Wheat,2.639628536605448
32.60658025961226,95.4927103360522,80.17721430678623,4.0,45.89441283561698,44.52300593306323,Clay,Wheat,1.19185588861508
29.9915544907398,135.75122491321196,65.39608462690182,5.79871042920845,32.839110587363805,33.43781815004121,Loam,Soybean,2.939915539565105
22.841898436409757,97.48846120452365,52.52049156317323,5.624185175353706,29.929370954491702,35.63108240757098,Silt,Soybean,3.8296798283211646
27.018650451683047,66.41361614850494,45.73223444418066,7.032783209322624,26.02451303454222,35.140188837511424,Loam,Wheat,4.667730561836069
24.879021968045418,88.19410432090814,54.872672696307966,5.6944733174894795,16.154819805750034,45.699174577699054,Silt,Soybean,3.5627655705363703
20.48149069634936,105.36084150431427,44.896089585822835,6.2848861998295105,39.877285159246,79.27893634276136,Sandy,Wheat,3.6101673946704276
26.621796408608017,136.87644352891152,60.717379796770246,8.042276627661302,22.243936385623968,51.16905944837315,Clay,Rice,5.226608281031021
19.10480104420099,118.092840548465,51.537057302092705,7.494351519815424,22.201933242623998,67.74350734081285,Loam,Soybean,3.087509141245021
30.93839694230782,74.48394163758869,37.589433100653736,7.402271399943452,39.91926309886955,57.60464518742212,Clay,Wheat,2.8682034075849154
22.676913513508033,174.55569750036676,78.82718682562356,6.000127569589148,11.170165533282734,66.70793596973331,Sandy,Soybean,1.5999338324970371
26.005798279364196,107.94325932933938,52.53491214856441,7.043032279289652,14.764021893318333,8.000535461096213,Silt,Wheat,2.759673247521111
26.41643935773071,138.26172213997046,40.977947925370316,6.266102199546406,29.81865756491918,45.43312968277656,Clay,Soybean,3.0525188616872714
23.705475131479613,95.44856699268313,57.47611298268688,6.3039067893230625,32.93284429004852,69.6070313472607,Silt,Corn,8.66734239444579
27.933469007376374,116.00077734116348,61.02557348951488,6.90968534374655,34.847346479689236,41.42396265876,Sandy,Wheat,1.5522425282386316
22.62548171688738,125.18405513555214,33.802999116314496,5.903006411579067,26.982015066037473,76.43709747304419,Loam,Corn,10.148308277100027
29.35648648728622,136.5458413526277,64.97471500688644,7.993003104443203,55.3036966864169,72.25835230651643,Sandy,Wheat,1.3915195725633145
18.270101598766257,131.72104916134674,44.292636469646034,6.339869860402063,27.721074412341657,42.96303925808807,Clay,Corn,8.232965510260227
25.63189789773206,126.16591000218934,85.66543213786181,7.118360566259665,27.69213847897278,42.45254721430465,Clay,Wheat,3.4759673884287032
34.694644995291426,90.54739806417675,67.85940768115103,7.955600479257298,22.030133311861224,34.79591236468297,Clay,Soybean,1.864795103065341
19.998343376972127,82.84761874131816,54.00150014836025,7.531653774575175,31.23906816521071,40.55608652204303,Silt,Corn,7.404965298304707
21.611275147375743,109.97822530972593,48.82248344523974,5.091080897309475,36.149612320467746,31.511164037466273,Loam,Soybean,2.2494490017716124
27.569539248294575,127.99384217023209,58.42548438654564,6.944895895009884,42.0357805453346,56.432167706495086,Clay,Wheat,3.4054908179006276
25.89790890969799,93.3183789767018,69.19186112374935,7.350719394460647,15.10715735559782,28.1593025998035,Clay,Soybean,3.4581880547327315
26.753150496367795,131.9551589714316,59.617588071222,7.391863022160749,27.540046616442993,59.05599524285333,Clay,Wheat,1.6931771298799025
27.445935650738317,143.57850236458538,56.74261789294715,5.386705165885369,34.46703610809144,59.42118045350373,Sandy,Soybean,2.455190624609712
28.17360734280885,72.5103724277974,60.87555436226843,5.842964762982676,35.870575345945355,25.081933922241163,Clay,Corn,7.669541984865063
30.548499209781117,74.8923788861116,50.94211603144568,7.494558235741621,30.06548657804539,73.24727909492509,Sandy,Wheat,3.0442345730353737
27.049093284642563,95.78874823283991,54.85191109735443,5.738239629317354,35.42423969532102,57.70413941622833,Clay,Soybean,4.3547316699610885
23.793711726907286,109.22838004567589,28.71311341642494,6.200303943335686,21.910361070741995,61.24547032167303,Sandy,Wheat,2.9657564427883027
28.362868506013655,84.26298958698847,74.60589346278552,8.07587580950197,45.57905432318357,38.62002197685842,Silt,Wheat,2.4949661665923193
34.49940967447608,140.56608036601432,64.48196670482643,6.45220074961521,39.926281029794296,59.33568677709678,Silt,Wheat,1.8492778260875657
24.33683126808713,112.72200584555354,48.39816233949855,5.773225862166157,16.550722129348276,66.89590174583098,Sandy,Rice,5.051074253631054
20.127353476646793,101.18341144722218,88.48102472032858,5.622382643137095,19.248969518832446,48.52087401492984,Loam,Wheat,4.041783474707403
30.53540334643486,56.922714283944174,61.3052472058858,6.832719329585188,19.53078249893094,80.02883688872541,Loam,Soybean,3.720564865840189
24.398094180232007,60.525525507174784,44.45784642037205,5.166851991522791,36.77969970896528,50.660969523694064,Sandy,Rice,3.289770584403599
14.136652269929819,108.4302775084542,72.85106132205688,6.252664036103582,17.152722335825327,67.11178700678713,Silt,Soybean,3.2660481243111352
29.23710838575211,36.02213121535491,65.97072324763894,6.8332305349900215,26.689756657919194,54.39513210887983,Sandy,Rice,4.155437850522659
22.323359070230385,130.37912228932214,65.91869978226329,7.799149820547667,34.54704396416774,58.78282299285301,Loam,Wheat,5.276756118407492
24.547333588479198,95.25538466883039,53.61366593022614,7.167548080369996,29.338340654535653,24.930015985478416,Sandy,Corn,6.384378796192437
26.659901652845072,197.29278908784198,66.75743585667053,5.785934882017822,32.588875157127056,55.56580607323045,Silt,Corn,7.614723122295066
25.952498398895333,169.2374875184833,56.07362564668358,7.67841931756372,19.341972886512416,38.97537348114101,Loam,Wheat,2.4466278522333753
28.5472590856952,94.5565279225745,68.33912177468764,6.2004849624525225,35.94854373397244,37.304025413334685,Loam,Rice,5.530341434884121
22.822568147150783,96.80988992406056,31.425833189840418,5.2642969779505915,23.867881075240035,76.16154776698968,Clay,Soybean,2.8048166959558545
27.565528990880413,129.8674454200609,53.49189805531216,6.327958640734527,26.75380325602059,46.79344627906477,Clay,Corn,8.727658794581785
23.702266612080415,151.09517829754114,85.83232646712293,7.938169201145702,32.37731727905986,34.95047253536755,Loam,Wheat,3.370427850104245
28.694052404437514,50.8591282769195,48.49398816899549,6.665240050064925,31.03078221530848,44.61302557836688,Loam,Wheat,3.5334579320072965
28.076837420065267,46.408736039359404,50.942425537602205,6.512521864329786,30.23980019015593,30.493246566171294,Sandy,Rice,3.2185830393695523
20.322806489777022,81.33895583336856,53.28057992325037,8.137211644702854,22.493731780232444,71.50826702294405,Silt,Corn,8.21520229856596
30.42991058087516,117.48212749521593,41.77790796167035,5.068645152945573,27.00450588800808,39.56478883750228,Loam,Wheat,1.957866490559196
22.32018277442976,114.90620771522791,26.875788356576216,5.214400885947228,30.02183590837036,57.93949900915504,Silt,Corn,6.86316158951332
29.040288991405724,132.0931436495155,56.541204022145806,4.884153529033168,16.24914766832915,70.34160071315488,Loam,Soybean,2.710920757096434
26.836436567006704,64.00907414904076,62.03789136122485,6.872648186480055,25.37467033686621,42.49770978177906,Silt,Wheat,2.7498608286231425
34.190918383975614,30.515684110933705,59.21242397192022,6.666493127115125,33.876798790328465,57.980336484091794,Clay,Wheat,3.05553820088834
23.88267008814074,125.74042585906436,57.826821570781696,8.042736367279776,17.225633961546574,34.54870917643355,Loam,Soybean,2.6220154132041347
23.253416019409013,75.15411181104297,60.645613062755814,6.74347507713677,41.5658165159424,86.68654353670526,Sandy,Wheat,4.1874569303031
24.902901970561338,39.445364068340865,75.34262207326147,6.095842840520698,42.69613262599843,64.04570201924933,Silt,Rice,5.040046386872265
23.484101085828623,104.35191237878145,57.143307211061746,6.501794872878107,17.548494240399144,47.11090341858791,Loam,Soybean,3.8413428958175633
28.99970950971025,123.79527064656031,51.38876134369096,6.617707418460958,43.57619633050139,38.40749403666554,Clay,Rice,5.734764534812281
16.91844695781706,96.33828603636168,55.783117726678704,4.828238726671833,28.564184112878657,48.2900517074056,Clay,Soybean,2.9408093532309527
19.73158790426823,86.26454841452532,68.69020139635164,9.0,34.185145591570546,44.90024416472721,Clay,Soybean,1.6559779088597906
19.660985392104035,95.2191330356228,81.18040317814874,7.019871018101911,25.033489478717534,79.2941683099926,Clay,Rice,5.112749154493684
29.75153795986788,88.88251712797651,50.57784391246233,6.710008308022589,39.23044827226762,31.616979166776467,Loam,Soybean,3.4018312926090584
33.553066862909624,59.55858664179499,61.48400680543325,7.11516398427858,34.06094018848667,52.022021349353054,Sandy,Corn,6.7286472417976135
24.477753907312643,78.55957969028705,65.07536162903939,7.209410980586605,21.858467434023964,49.72492900049435,Silt,Rice,3.5874196835625827
24.155891384049948,115.63839715041443,45.111329899067655,6.359446514497568,18.347980000347114,48.23884549482696,Sandy,Soybean,2.213163526653574
25.350260815565907,109.650356241295,60.306257508193774,5.868758863759299,15.396975647907773,48.37075017592486,Silt,Rice,4.587690221913918
30.809391513040953,105.04179417900461,38.01489213986858,7.099450686321704,31.879417764327563,48.25893784819275,Sandy,Soybean,2.255850403429975
20.36323432904713,70.14554554439862,33.46424544390902,6.885710840531452,35.72471411779736,63.09599099498149,Loam,Soybean,3.337473426884255
26.191844913673926,94.55490513592999,65.50119611838386,5.690109900910592,36.50965678779441,59.134766697386524,Loam,Corn,9.664678234542546
29.87598814891215,34.68804860671436,54.24187888003826,7.9190356113672635,28.82018905392622,56.283674170591794,Silt,Corn,7.735444114822258
27.505470849699226,105.35429991656169,63.03420611431829,6.793352036322983,18.43003544335636,4.490159567820967,Loam,Corn,9.07486978124231
25.947908082993717,142.865731234407,59.73157534487475,7.229819362267631,23.17925201976217,54.496923112447455,Silt,Soybean,2.879231621758892
30.005230462835705,55.77603603873683,45.35399927004304,7.891920887679919,41.52348638961926,25.16540959744876,Sandy,Corn,5.496572999780598
11.483838535003814,82.42216980046734,59.32118547053495,6.5218888211648345,25.153714353999185,59.69480244703738,Loam,Rice,3.763316778144604
28.38937659765454,109.8732033613039,41.50348042477717,6.816952006984115,31.434176306814763,72.11746051355772,Loam,Soybean,3.979971622995137
21.72962158436288,137.5852790328245,80.86458537002102,7.310027238506116,19.243495164251126,36.106413311171735,Silt,Rice,3.559421188946425
15.846835515717716,86.55326151099551,39.66044482710054,5.775138916199948,33.36583045459035,46.073289164859396,Silt,Corn,7.043990466189428
27.556012997624904,79.23249012202311,57.06322093547128,6.554051662846001,25.423154383209223,41.00966442420504,Silt,Soybean,3.1455382052203147
31.86829272581479,40.93230572751751,44.36592617929127,6.625548586651148,40.467127137757636,68.53147663635201,Silt,Rice,5.513488393712498
24.31275742686154,103.10314387924319,68.55631760041193,5.543941448316605,37.73557706206813,51.42541827908109,Clay,Wheat,2.8644738622318684
29.764372736014693,161.26228120431233,55.02852943077745,8.817636788673878,25.042940534251002,75.924940708495,Silt,Rice,5.177698727953614
33.06139128994323,108.32075385894028,52.219999205681845,5.092706556507597,28.733359726523368,56.206313044210816,Clay,Soybean,3.5375864818836638
31.57457226792024,99.3316306244886,72.79802317577332,5.201896096312842,24.48883759959371,53.63675270953729,Sandy,Wheat,1.9630699077374298
33.199822646856965,109.66246932300956,60.441458875163285,7.814226575703579,15.805668034549903,51.023101739042545,Silt,Corn,7.6217245494254
28.71063745535946,99.66723988154193,67.74966668903951,7.213266250796543,21.425575704527834,62.26988148886005,Clay,Corn,8.006451166245718
25.377168194507963,75.6095688321961,45.280110952238026,5.474035182519222,31.9821732772082,23.93470702631985,Clay,Rice,3.085310483168275
16.990170940514158,124.69839747033116,38.9277458410874,7.107289015101693,33.25259498229582,51.28015933280765,Clay,Corn,8.34764728999725
23.769687559350256,106.77284569335264,61.608119430602,7.9678504449973095,31.48547903592639,48.949303344080526,Loam,Rice,4.91743220164406
20.783767023419042,100.52839755800971,55.21730466757903,6.4697369424030144,26.982669460413643,60.88128240736649,Clay,Rice,4.85299421638965
35.85471358748907,70.73901918165251,69.39652008680916,9.0,39.330666057209854,47.18447591188945,Silt,Rice,2.467450233747296
24.120570937838316,139.10523795804278,58.801373210061755,4.775938189131964,30.635419045609375,34.41898348755995,Silt,Rice,4.308828931735592
25.61602403392243,119.9410823599933,63.07613008851945,7.193823453859102,37.03253828095947,50.110260123795484,Silt,Soybean,3.996196028335581
27.75742688020234,83.41237487898094,35.64926205088135,7.6665283362210035,12.262248677974814,33.757392066974845,Clay,Soybean,3.325003264412836
25.218012231862268,130.05474561045813,88.32655409421385,7.3913439016052465,10.0,21.121066811187717,Clay,Wheat,2.988567320933403
33.47525520215376,85.07287484844379,57.53637022451952,6.295644273354352,32.8378802783808,60.90683722228239,Loam,Wheat,3.29287539722078
21.88675319132774,76.5398952246689,70.46380455508799,6.20955851798885,15.752343462785106,58.68592359042006,Sandy,Corn,6.777363004704008
25.973037276186215,77.20890647559139,47.458624946705605,6.944145171087257,27.87548297286944,57.00636415990362,Loam,Soybean,4.530704011633464
21.28764707150976,46.86794340735727,64.6201485332601,7.31575448665207,26.979029589753942,69.54392632918717,Silt,Wheat,3.183223631937807
18.39988744389647,114.14627141254617,40.457328547128824,7.102473436282363,45.87400602415537,40.024521645441126,Silt,Soybean,2.037139949290934
21.941154545473573,45.065653649849494,66.78101757389507,7.540057890793389,33.99996552943607,28.533287858431173,Silt,Soybean,2.5394874636895017
24.81481601475794,63.146685062027125,54.66038873421251,5.481130042933264,31.658590267986728,48.94955334787933,Loam,Corn,9.341230123568788
22.8534888774137,37.732359727644,60.43785755903351,6.272229020876365,38.36991154633674,44.78749550441134,Silt,Corn,6.670245388733523
21.53789510063072,97.4179092162732,70.46961045195147,5.559984067876246,33.68497586839039,37.36556424844897,Silt,Rice,4.302782650767493
17.96841268164083,95.49038619184384,41.5118953316958,6.113887223913858,25.423230070115668,48.80226269768306,Silt,Soybean,2.9823856955699206
24.584472136856526,90.19911360440908,49.73262404080805,7.515220891814305,40.7147593025456,40.82592280693123,Clay,Rice,4.559850837264792
17.476398129844988,68.72266915988271,66.85986421630149,6.607983920725228,18.902498721117258,22.45992074964753,Sandy,Rice,2.4366373886525494
28.80027981844801,64.83298739690079,91.4733221182012,9.0,33.23247187533562,43.382349638093594,Clay,Rice,3.968596596816132
25.412198764672517,113.93109590639722,57.92876498007777,6.693406367189717,14.524302058636888,32.954372499442144,Clay,Soybean,3.786207571040076
17.71224250267535,83.48344204874536,68.86704176885898,6.559691880579736,32.03943857515995,53.47472107416384,Sandy,Soybean,2.4747971381275176
23.453954614750682,109.49074964608434,58.3954279521228,6.606182919440216,31.929896417729296,40.159478626390175,Sandy,Rice,3.9218350441870893
21.239217972047083,73.44253941627332,89.1336839213445,5.862191307140064,46.76454961914663,66.67447211211578,Loam,Soybean,3.3365600414149563
26.5958725520959,105.43188228313247,33.79167499552116,6.442163387622406,14.350261065582206,74.05799100901798,Sandy,Rice,5.654969512004994
31.70225223011572,139.09834111948192,61.41931567004037,7.627788027111646,23.991128241461873,60.19072059517859,Loam,Wheat,2.793555264926032
15.624137651771278,117.5849740117835,35.616839496569085,6.613970668127772,38.22682426574144,26.7346072702502,Loam,Soybean,2.1491744120109018
25.575130395737087,87.62758545350559,22.401426441949248,5.706540270116529,33.353172563973075,72.57793998318559,Clay,Corn,8.130704871893366
24.199336022166797,107.71596911067782,64.46193079676725,5.574915379521364,31.80305051337503,73.63580675560647,Silt,Corn,8.570652418767326
28.356700382252328,92.7800447640936,62.092466942211885,6.049798108334157,20.438642970414605,50.281857669619114,Clay,Rice,5.420672279314736
26.065983141188447,100.23640554084184,55.72744593386698,6.57386343441088,24.091816519085707,69.84389240503299,Clay,Wheat,3.583070338792696
21.240153341305906,90.23166843554489,58.407088649403704,7.693586535476262,42.450410082232565,41.72487292929983,Sandy,Soybean,3.2219584606555483
23.40473032166691,95.06994382343827,100.0,5.159511358633563,29.484908062460722,22.00631097725616,Sandy,Rice,3.0912063863472157
21.019870715982556,106.36280059222526,56.127372929528484,6.180173722111244,33.753596961444735,38.5957334206761,Loam,Wheat,4.579277766976178
30.38003569299299,70.19923901254148,67.65186541875113,6.644310019435079,28.84811671223521,75.93951299067135,Loam,Wheat,4.460396061232
25.10655824335971,69.52363519030065,50.25952770579178,4.666294232370565,18.16914484750235,27.633801145827896,Loam,Soybean,2.589152657501233
34.50595342876504,58.34372338506367,64.42848862560905,5.666401717033594,39.338104260749965,49.992819228972415,Sandy,Corn,5.9785490152084915
24.696695930926897,51.991866864888706,56.42649487416574,5.8201114602638135,35.03232384532496,50.51215840010318,Loam,Corn,9.498713942768223
21.457966165447687,63.48151923338562,53.84222275905405,5.704029626149501,53.05636837367189,42.305386340482826,Loam,Wheat,4.301295379427022
17.431428036935863,104.78387520412387,87.28347798300487,6.691889545021647,19.84418620349455,43.34717600244328,Sandy,Corn,6.606498055874422
15.984301618720275,73.21637453524347,77.65777444776509,6.339440390498202,38.22572921200481,51.08373701354304,Silt,Wheat,3.555065081068139
17.079320284972553,115.40843392693289,62.05119971098846,5.944713897398964,16.88456033962999,41.56756487097909,Clay,Wheat,3.305376199503148
26.335633255057417,101.04141246257686,25.4368209608405,6.927962626552635,31.573465676730777,28.669122542481034,Sandy,Wheat,2.2850552680036484
27.54362511614967,40.944873596858386,54.584861651211455,8.22307471764625,39.76506589063165,53.22547914415184,Loam,Corn,9.235502365670316
17.094046489839332,119.64926752665069,100.0,8.139256516741753,10.0,66.10049873667458,Clay,Rice,3.4914054202534976
29.475191570380577,124.3239593677513,56.54007500040438,4.577228227937663,27.95067525758392,63.043587779801314,Sandy,Corn,6.576666324067973
22.5846947415828,70.1841197549544,76.54826358080487,7.077072183835139,24.367902659573797,37.85396798915283,Clay,Rice,3.7713737333459387
25.733965059927748,112.60574628684975,81.62913602928901,6.321976709936162,22.980427017048783,31.231581269334864,Clay,Corn,8.058098255379168
33.06110314127712,74.30505287772402,63.28445873783963,6.655155342865356,33.852126522593544,45.73718176767832,Silt,Soybean,3.235354063291885
29.48419657932766,102.93011130245006,47.37267552197771,6.1017169664574515,41.20685706422595,73.51687264693496,Loam,Soybean,4.219773825296128
23.657346760470837,62.065047791351034,23.470315023256674,6.617588629887202,28.667212847708445,59.68397118439319,Sandy,Corn,7.432714360171995
20.544038872923565,46.206806423962696,70.26244812913431,6.651407396072019,32.0548642756002,60.5594701519135,Loam,Soybean,3.010873764168355
14.240922993353475,88.51548431161095,47.77865995764678,5.921048242651077,31.143087530592478,63.34785427678242,Silt,Soybean,2.771417084283997
21.4042334037879,96.28813161175492,62.642256778315385,5.6036324521748195,30.01803506356414,56.311498437778795,Silt,Soybean,2.7934578566830246
23.944348805861527,88.06960919156188,41.25269490615953,6.051304317380516,19.106573622878937,51.80912821420368,Sandy,Soybean,3.2072954605034307
20.06410236424408,64.47908325332321,56.021436892946966,6.734259264456766,41.08444601722893,59.93460344971952,Sandy,Rice,3.617974354889411
24.343715164538477,88.0030281360659,60.5057858235158,7.0989963416842645,32.95195368158836,41.807508436729705,Silt,Wheat,3.644719177728716
25.384259414793842,108.07884257742202,64.02890371566447,7.353348977340147,33.94881490002577,28.78305482950519,Sandy,Rice,4.123930482708691
23.875720090959607,98.65320909632389,43.27766718971378,6.0058099769330875,21.934903709744177,60.84495401936485,Clay,Wheat,3.768529033267089
21.7499870958827,105.4750309179764,77.95366423142028,6.7838445673027366,25.407796020107593,68.56607158623838,Clay,Wheat,4.742905127290906
25.84327335983364,79.89654398637302,51.046578229020426,7.462502591953299,28.238658022892217,33.22652090965953,Silt,Corn,7.182091941726238
27.209703247847045,135.15153744148478,34.882958093201324,7.665594895144128,14.658753065511485,62.3288222362385,Loam,Corn,9.926908048162309
19.548004612785768,64.71479990335658,58.364648700548045,6.441167145868477,13.119656748023218,75.21148570082285,Sandy,Corn,6.16446767650184
32.054661898731354,114.62680891260156,60.5156296353969,6.2790682750603874,23.992520693614324,49.966306973643185,Sandy,Corn,6.6123363957459524
24.507059338578692,135.45673278879883,62.4088414975764,6.691124233836392,35.2252076644239,37.729967228873804,Clay,Corn,8.114104310842729
25.094248114724238,114.42724278246686,80.43198605527618,5.350292527102594,23.46862610070059,51.845280102901334,Sandy,Rice,4.807304987998277
28.541072116282784,93.9242731880551,56.45326744896211,6.3063904889644915,19.811948024092864,41.74199047698948,Loam,Rice,5.921095970358968
26.166080656317508,84.15108860011063,58.20570563446843,7.24458639847313,21.853143467623298,40.74904835065398,Sandy,Soybean,3.6044028218526654
29.765683169566223,131.08262953138768,43.45223428150359,7.141947129443701,25.446575768546875,56.49776100907314,Sandy,Rice,4.81325370406584
26.43562082600912,57.31075224214981,72.30830254331846,6.229732395636111,26.461410371798962,25.944057874551568,Clay,Rice,3.9068748380940277
21.93781312679781,70.8962721886107,62.76463596117155,6.717718201087167,51.65521452206556,28.341066162616592,Sandy,Corn,6.771607531770522
26.80751762603051,88.07326703524836,53.699584090587564,5.675349659709313,40.54620628487318,50.28936320560914,Silt,Soybean,3.6119518127529813
19.28136896339669,137.12961272535995,31.429879598018044,7.203492148225025,40.24774112281728,49.66537191631353,Silt,Rice,4.1196335908656705
25.542798528882617,111.39302908122689,81.66618292582632,6.422178563863527,41.685803642733816,55.15331865559904,Loam,Rice,6.293511413570882
24.833850046777695,70.95862724469264,41.58480053315914,6.224048548303862,20.011791306659504,78.12838082725082,Loam,Soybean,4.362264903123163
23.959415713637302,90.6907688384529,51.130829859454415,6.138276163906613,17.77635385012761,51.567710541137316,Loam,Wheat,3.656383699383155
24.357312442805345,81.57030567711116,65.37516766614004,6.437106133100142,18.931297084659434,58.97258225502192,Loam,Corn,10.311423065855307
15.590754772511804,78.70633023299395,42.05163107074971,6.052122355068041,43.34506133337838,35.36700596578052,Clay,Rice,3.877007104251716
22.256375461295193,129.36668675670336,37.59735332620285,7.1581430360025635,24.528082111175088,61.51906495274805,Sandy,Rice,5.101538630607316
25.464224505705573,58.847706122094834,28.140786259490028,6.104716451983819,17.48643817760713,42.10413702333983,Clay,Soybean,3.3904123243478437
25.799281959987002,148.2634256720312,70.81495429358453,8.092964096027382,25.69003799780187,51.071312488716394,Loam,Rice,5.416361023379447
19.86162429537021,124.84689070553868,51.82220632910517,7.965210503481381,27.613944682853727,48.367270623962575,Sandy,Corn,6.5089107427613
31.328539204323505,132.72585011811094,100.0,5.608456510145495,32.68413273694562,65.49461352371047,Silt,Rice,5.98343528895517
20.669125758927496,86.11181463924225,45.0846740155369,6.56970426942928,32.50951020712043,30.350351684375006,Clay,Wheat,4.697089920041398
29.847286002633684,95.50177842762672,46.17823464856618,5.849343378663805,21.71819436126492,15.751420480774406,Sandy,Corn,6.088683296758109
27.135971809358423,57.00544556425864,51.51910544571898,6.173352436811388,36.85656392513711,46.798509543681135,Silt,Wheat,3.446314197702264
21.768863450780984,84.26012778799591,63.64701982707734,8.502427467644797,23.60806466249842,57.02796885357686,Silt,Soybean,2.2010610563279327
33.87655446304756,114.80964542929453,52.94694991822033,6.192428582884201,28.43723663294957,52.2840406371125,Loam,Corn,9.962398215421198
19.0318158412176,138.88189185344189,69.18498321003769,6.860226037077429,36.86774070503355,68.48306356120867,Silt,Rice,4.20741792122622
29.595770868050007,66.78529549592645,45.32117415017019,7.041321294008278,23.581785960556587,56.560590112695024,Silt,Corn,8.556870709835309
30.002911590214893,89.03482189044203,39.27612422304628,5.499370627516759,24.306485764188626,41.5422750221021,Loam,Corn,9.51245390974451
21.646898954616777,95.46102339302433,33.02677890886339,5.644904525590795,35.916680496931306,15.118697687904792,Sandy,Corn,5.948310968737137
31.962326500321645,58.12632393422545,26.646387480942046,5.293977628591881,21.422668233949807,46.440316487071726,Sandy,Wheat,2.343534470877179
23.749767427005235,117.74047725275202,52.22896470787415,5.614029266102223,26.152079763959293,65.41938503386697,Loam,Soybean,4.66038074831182
26.443468146399287,78.28029004772173,55.48529531410167,4.0,35.557421780428925,44.11928325999328,Clay,Corn,7.4955321130304435
26.301609193856102,94.13828946468928,50.52844458775225,7.044582400793628,50.54092441435975,50.42480395516646,Loam,Rice,5.264060619778306
24.32845629264726,86.44151884264367,78.65108695780742,8.554193841256069,36.05404504762747,56.320403814600624,Sandy,Corn,5.847949669093692
29.05404136579891,76.31984482840977,78.42045314412202,6.647820739036527,34.72639762990012,34.77061438625276,Clay,Corn,7.639459323203679
28.967443602761065,99.78865043558336,54.97795518833247,5.083731140659393,35.30801583672729,59.348538449582264,Loam,Soybean,3.854221692670747
16.257340133809095,93.53171264295933,33.091183302120555,5.857223617100052,19.268097259329508,74.55682685002559,Sandy,Rice,3.1827974350689567
31.521701214390763,88.84426353164004,51.49942337917421,6.041123154975003,31.15596738679908,47.407799721598906,Sandy,Rice,4.695319339315516
16.68754005982163,78.14615134958972,51.002679091244076,5.482415222786624,29.702335116635982,33.06403367251547,Sandy,Wheat,3.275905832320179
30.162731021708286,109.58574012348866,50.14297556582913,7.360182638395156,33.21584540372756,49.00098459467039,Silt,Rice,4.690004537284662
30.633525684137915,149.60851805476855,49.534216441526326,7.310260044375334,31.165080524758707,16.634238370866967,Silt,Rice,4.767513090067139
19.54516784892401,104.19661698517382,50.198056564127896,5.34454820618234,33.79699677417113,55.05354895964924,Clay,Rice,4.0281385277095
22.945928560227077,129.88354644733386,54.2018757615336,7.225081044447508,26.885328051007985,56.78411566472868,Clay,Corn,8.610890762855023
19.47147665757032,58.29334224539612,50.46688351776665,8.026812663577266,30.586089173717927,75.13454440768344,Clay,Wheat,4.574037332380968
23.925394848556323,104.73284317881308,63.12483762938388,8.40255820522956,17.72171433943008,47.090078111500624,Silt,Rice,3.0876441798247067
23.459828579071292,67.078950430868,65.40553073857292,9.0,26.800927219970863,56.12728007219705,Clay,Rice,3.2302276048964096
28.898302661346698,55.692252174042956,46.34032369226265,5.598007350556802,43.908335481766436,37.08067846421148,Sandy,Rice,3.405210392026857
31.55154373059804,77.81885777622891,79.0659798901055,9.0,33.18808339628256,44.65359319212382,Sandy,Corn,4.971164300161191
31.97841905394978,135.75698003240717,45.29906547239079,6.145793611491212,29.790789626169232,27.12221845006703,Clay,Corn,7.567374459375866
22.18915986710849,128.50047486008935,35.73299079276994,5.907534544619486,48.96123276254347,47.078155680751465,Clay,Wheat,3.8552941227883353
23.95389063127736,107.29014166163199,65.71167107047577,6.8270723748778455,16.39165021698921,45.42036269722153,Silt,Soybean,3.328019261597145
16.58280903889525,54.01898320330208,47.7388779837849,5.917938665906988,18.905444445537803,54.48799649133344,Sandy,Wheat,2.2434014006237937
20.970649667519055,94.1115804583619,64.81937206136082,6.899044140646526,47.127114112762726,40.64604679501041,Loam,Corn,10.45635272611988
29.824258165487286,109.05100026705206,23.94497098349204,5.179922812262698,30.45960936048934,51.25018026462638,Loam,Rice,5.853569208315335
33.07791411774116,105.26608688735794,80.88683912224602,6.2612473979365655,27.574169637102063,44.99929916588501,Silt,Rice,5.081326204438784
18.82825564060039,44.68619249557763,70.08440112060603,7.785582234361679,18.00795674904357,45.027509175507284,Silt,Wheat,2.538483373811598
22.037678704235528,73.29046455940384,37.49285176255498,6.442938708568844,34.47696266395012,51.20543488944545,Silt,Rice,4.562603649076559
24.867971215205365,98.0776670755385,37.818343142305714,6.641595786739883,35.44459869527462,50.60784413475515,Sandy,Corn,6.84747070979914
26.400805794098034,116.0887272855157,85.08398856146292,6.975258604717311,19.055056391651036,61.417610585774575,Clay,Wheat,2.7454933507341726
20.95198240039177,34.116165367001614,48.939301447530625,7.67066162931766,28.59724414449572,48.19035448805248,Clay,Soybean,1.6797084488042047
27.120305222320447,95.13628073560425,47.487227269010646,4.844775287810567,26.64484167966934,44.75171976315495,Silt,Corn,8.128278377593443
22.63080326464542,104.29146309636857,26.009218587760756,7.084524051837435,32.55977146418771,47.287888323691604,Sandy,Corn,7.528752936681662
24.927738645608603,125.48835965548639,54.738326915976685,6.231860860758236,18.807497577793562,39.280038247385114,Loam,Rice,5.9054889372630335
27.7314212400185,120.7857275271231,56.58420577746371,6.666637895311839,42.51947454513157,44.60133359649993,Silt,Corn,9.325534212151382
25.032111349054688,117.47713956426415,70.73239645154229,7.559950169762376,39.158237815976044,80.46738069609847,Sandy,Corn,7.249875916163902
22.818070547367157,76.00178479894197,39.01382357723287,5.305813348588156,26.36824441267184,36.30981858956199,Silt,Soybean,2.5276548684711515
24.451950980370846,42.759935886300774,37.19569811639086,5.48735555855691,27.83581288361629,45.82015499181036,Sandy,Rice,3.7550704025887773
24.558185203973323,88.20841728815797,66.76443952164715,4.564570040286194,28.63577849722384,44.187670050954644,Sandy,Corn,6.811292216346436
23.14994485058936,130.0489547562568,75.10095106840598,5.9508410582362234,22.216914469934967,46.29242581633401,Silt,Rice,5.417301424799106
23.706019686664487,141.80363582573295,36.432714733231755,7.830432344378816,25.565705817649643,45.031410366824076,Clay,Corn,7.054796107863782
32.99323585252358,121.31647306893356,76.22271129449612,6.379412811526531,27.29729632325391,54.188601518315,Silt,Soybean,3.0775106750302483
27.804597239706194,112.88022468405202,60.563127622302325,5.159875104345215,46.12868370707128,24.347373479123085,Clay,Rice,4.364909334804356
23.522598409854197,111.38918945157897,76.37708008611969,6.014321255424953,39.466183083304365,65.55757208798006,Clay,Rice,4.904624823219523
28.484772022553678,83.31643759717659,58.94669457723575,5.012138296509377,39.34654707336624,59.48874199463296,Loam,Soybean,3.592611197965761
23.33090255121995,96.0981911933914,22.16583123768074,5.3748138982688385,33.699256130043906,31.35692620905298,Sandy,Wheat,3.1520947556783416
30.865623187933206,150.07208577478994,57.72048926525942,6.888818910263713,18.826729910687654,15.96384090571398,Silt,Corn,8.038989062418773
26.84821096099047,71.72325982624372,75.90215728006905,5.326126673693971,29.585088954226208,35.34391780787898,Sandy,Corn,7.001907057235117
24.463489279978855,148.44336372129555,46.593809713744285,7.612634305203302,39.7048845961338,46.36000307859316,Loam,Wheat,3.1779598478344555
27.238584629051388,90.33915536523824,54.18052546638822,6.428879709169664,17.41735370632712,88.70437848036163,Clay,Rice,5.183760858329928
17.145619239657503,139.76296327285235,57.357997446735325,6.585594703944525,36.36553206873264,58.1488544746141,Silt,Rice,4.911488591221519
19.366162655450974,57.795549715073854,20.0,6.221627032392106,53.226092252627666,22.886155262278137,Sandy,Soybean,2.819936843951475
19.030374968004722,117.57712603493948,85.07021363156214,7.272847838543723,40.61816645989732,39.65516742648584,Loam,Soybean,2.6436261991677457
25.714715473818533,77.89689592157134,46.47936480154238,7.2831598877770105,44.14029135561987,49.20181345590525,Clay,Soybean,3.6863203203590267
33.66257499742546,57.541984242274374,67.58603148709199,6.835054351912172,32.18338750442161,53.80525331447146,Clay,Wheat,3.3656131292498626
36.15650073096316,106.55602127232837,58.699482957776866,7.064789105907648,39.6793194876499,30.278767095343657,Sandy,Wheat,1.9304124945604386
28.190255507203787,130.28415365787907,78.8642858453904,6.2879103300795745,22.821467856459645,47.97514658034408,Clay,Rice,5.478787544467696
27.504222374722286,74.65175684219511,66.09084183642122,7.042203006909048,37.958638123412264,39.23541293584189,Loam,Soybean,3.11298624885038
15.994711329236305,55.02952118624796,56.47613592718538,6.162122224526193,36.54388134060763,33.443621560965255,Clay,Rice,2.0088688520582236
22.28663100132989,97.24465706995134,46.5972736122108,6.502231622162402,32.89911174037663,53.89393470048431,Silt,Wheat,3.8197278587639687
21.061081240458805,97.37694013668457,71.96776052073209,6.225356250633703,43.16007419718498,61.60815760164233,Silt,Corn,7.979566728206574
21.89576200874442,116.44958882663497,31.89838044068075,6.042781460680804,24.612151621526113,62.615619154424294,Sandy,Rice,4.701393982384795
24.159280907076052,128.48783714093466,69.68835630413838,5.81088820227821,28.129424835263375,58.61579526700814,Loam,Wheat,4.066317040991058
22.639547111514364,98.21754456182518,43.51432872667691,6.967690103858885,30.954620413582965,42.53945700289606,Clay,Soybean,3.0035613854390926
15.103500948121061,155.6650994438279,78.7842549293496,7.810605912813463,19.703890289105992,60.718246421952585,Clay,Corn,6.467268351429432
28.73955128058767,106.72704233605876,62.41949313994043,7.671101971669559,32.269319438002476,54.63581657156432,Clay,Corn,8.628883555153068
19.636284871300965,89.60720481979301,69.66185651775163,5.243434664054565,12.81069587046153,52.0091282442802,Silt,Corn,7.950779015456215
26.196234320555746,51.652979226915164,61.22983220737079,7.789203051406873,40.469545344282096,40.824603174473026,Loam,Soybean,3.570975725835359
35.370413348749864,92.12021439051497,33.71434357288505,6.181841498382071,30.466373665659656,42.54685808987708,Clay,Corn,7.979093569897976
20.403077042067885,89.90839163766591,47.08906254906992,7.100733015145591,24.791070960962365,51.10830404186831,Sandy,Wheat,2.6370455318517627
12.348562386268352,128.8091438884441,70.08584006417074,5.593784667952789,21.656263877048787,86.59811700478252,Loam,Rice,4.63993323245897
23.569978890599447,113.87450872200563,62.49983726039766,6.641979913874005,27.654209703808124,54.51863720137085,Loam,Corn,10.973728481683853
30.504798174992857,64.61892635102149,77.71484857958508,6.813723182896907,36.88259710772414,40.83217246624571,Clay,Corn,8.416466549845003
34.79173727110297,105.16763159233112,66.04911844555758,5.0153952080803474,35.47738978737561,37.51415832545836,Silt,Wheat,1.2083791183983708
18.852252027737915,120.1459351518716,45.499471639460104,7.10826716634419,22.944620527215392,42.623500810156955,Loam,Soybean,2.9602334763030806
27.483496116182607,145.84094078163497,48.05903793419049,7.845935007838316,21.539603273723657,82.65940171323598,Sandy,Corn,7.448315410501441
22.673447716099734,126.62511902242179,61.54376085784856,6.325352054318372,36.568987063196474,44.01115031081057,Loam,Wheat,3.9540398530930947
24.47025822847932,122.82539962934433,25.28933900999842,7.860168130828013,22.776525953849706,63.603058019154275,Silt,Wheat,2.2620952651232793
38.221716735085174,101.8025798384549,85.10162828434477,6.310306506547592,30.599097740795035,44.36107631792965,Sandy,Soybean,2.2685981739713927
17.485148358024233,111.64936016270349,66.62620104566336,7.3495845310466175,31.23754642524277,53.91776811919443,Silt,Soybean,2.2917052022257485
26.268698307472867,137.48514702118476,78.40551895573309,4.281430034048901,33.120621317267386,61.876179110130835,Clay,Rice,4.2380390306438604
27.338465858827167,60.01667807561051,36.29094088786246,8.918777779313464,38.582704301818715,41.42145725285114,Loam,Corn,8.00063833747015
30.428931624696737,89.51682018349132,78.66847740532884,7.995458245242957,17.37037063132677,40.38332518770846,Sandy,Rice,3.6244652798217727
25.48991576735448,76.82293753731278,93.47248366541623,6.215374495746321,10.888406747395123,74.88304541682994,Silt,Wheat,4.470044557799596
26.54025269752051,111.37459356178373,40.18682466934024,4.527910973356182,24.32552718771648,64.76889342343695,Clay,Corn,7.635109611055717
23.041757162891045,136.90666526952361,71.5710269235565,6.788028368305489,48.01528407832186,61.86008478036092,Sandy,Wheat,3.273291688280511
26.345634706225535,82.09077139836779,60.0166491703094,5.056074452926243,50.221741000873784,61.809144396843706,Loam,Wheat,3.144550452963765
23.28403862251295,28.290868975916865,36.83349227627633,6.9448535375574885,48.31177135565888,56.89363232466598,Loam,Wheat,4.451885849652314
28.107859449280255,87.6333776492659,67.39325957777805,6.911565719164282,28.070186322393106,80.26663719762598,Silt,Soybean,2.636960009264434
23.15194831978183,127.40421196052219,72.50404807256022,5.558596830997975,12.178849180151712,50.658624528157354,Sandy,Soybean,2.4447883526438963
26.885501969510933,116.12889708849639,50.9831017099673,7.620967023614377,10.0,58.65893550801379,Clay,Corn,8.922127443027621
24.853685931575107,112.84558743431728,77.48874780382835,7.305574702806173,23.85961838450589,28.23630607108981,Clay,Wheat,2.5184439588806127
30.63025125386084,91.6002009437656,34.998548898162035,7.475823337288563,28.0192636985064,37.62558970113139,Clay,Wheat,3.143788092383306
24.74303138205757,61.62907791340641,37.57865780325534,6.5088577036688955,43.00625401055959,31.987715002474392,Silt,Corn,8.303785721615306
16.134837658965594,115.45882964873402,62.04896093383128,5.084475933086294,38.678054595424456,69.11095375274223,Clay,Rice,2.2885791277331964
31.309607503569957,74.97154569896125,60.38077916958407,7.477872272211138,32.2740507899162,11.71189771968875,Sandy,Wheat,1.782411359027542
20.471338495686904,165.52290200141368,49.25139767363842,6.229628600864209,21.101552290588582,43.96534965870916,Silt,Soybean,1.0981394093467036
21.7311683067559,117.11521625063548,72.14391653957829,5.110219856807331,20.3922044175511,5.09440096009066,Loam,Rice,3.8220385023190717
22.02169352978254,82.58055092338147,67.96341471323925,7.852039365974326,32.541276870714356,37.53068156777165,Silt,Rice,3.598983205089675
31.872190465854086,81.65844257834115,72.87208606401023,8.59940752050251,36.970509788397266,42.635765754022,Silt,Rice,2.6911049410717682
14.321628930106522,97.21167380159235,58.15295346971599,6.458751871020797,33.918812622455846,70.77306640691066,Silt,Rice,5.26153607571512
40.688742668299966,92.81494233934751,69.03870401967511,8.659121154603291,19.65402040393345,55.94941908832186,Sandy,Rice,3.085767948993216
30.28028404533026,133.50501326589864,53.31524545455008,6.59131472861135,36.50667628792086,37.5028771500655,Loam,Rice,6.039183063544636
26.1161945706458,105.5924850923214,90.80728035129894,6.119544095833649,34.259109671014116,65.98945579597739,Loam,Corn,11.025258456754349
24.725529996918567,78.05104783274416,47.81181344817021,5.869541545814522,19.293335938098217,50.26748381794636,Silt,Corn,7.045377316964329
26.427770374288286,156.71322055467348,91.57946144187468,8.137082407992743,22.156790296997443,50.56350288060879,Silt,Rice,4.288052579832209
27.605612141896692,101.47924994560668,60.52331920634113,5.7198561186122285,36.88495974561567,31.95992738342012,Silt,Soybean,1.9240451314938318
28.226077929750286,123.06519027906691,39.367336656468865,7.235269309974988,27.65492464854109,35.149794291452906,Sandy,Corn,7.666803003496172
27.778022330017244,81.75320477665721,80.52119025732901,5.940836164940792,45.89147301636457,37.623540500817136,Sandy,Corn,6.771245886343298
25.447903406276243,110.8934688323357,61.88852082592439,6.039693237425637,35.011292760645766,50.69691909731284,Clay,Rice,5.267210924534305
24.01330789846337,109.33329973429585,72.76686147570356,7.530249693969567,25.133688118107308,51.168285904710125,Loam,Soybean,3.805313869675754
24.243633581732443,43.31052123711541,78.3578387781389,6.119963153710646,29.897943996090675,73.16138995286067,Clay,Rice,4.9175618270292265
24.025458598236597,160.4582533138192,65.06933331217537,6.095204620579707,30.633833926377182,55.77582751906751,Clay,Soybean,3.150121044304666
30.668850484335323,138.71933382767642,51.11638732780778,7.632804697174807,22.7160968675829,9.386514594918381,Silt,Soybean,1.9027102279543884
27.967783611404307,88.08414051562038,74.63570066503875,8.097397293221624,20.874118018223733,53.93962981807536,Sandy,Wheat,2.751539584147025
10.298056826678598,66.93190778632433,60.011332611818936,7.144689803284233,37.013898938095,28.24975465748701,Clay,Corn,5.637479049254088
28.279503882648804,110.42684841410656,70.28786727912629,5.845230224376051,38.45273297042095,35.51043613082695,Clay,Rice,4.791730324603175
25.973680973593876,102.60093098243189,27.69404139312808,5.98939150070242,36.03781469552959,37.81745792410505,Clay,Corn,8.261219602647857
24.90645621777051,110.67006845689689,66.70472575514778,6.5799152637400375,45.15318094323802,40.04992514731548,Silt,Corn,8.413661737198376
23.05740773455557,105.74732188582269,50.42121262282455,6.820930061925657,24.58226763988398,29.372759119395454,Silt,Soybean,2.336371652145752
30.620563599930065,115.18722967917779,84.79964455767796,5.512134089860228,46.742707660711304,53.05223005178431,Sandy,Corn,6.14525765211459
29.737632310614288,143.4191709817542,69.34631021833643,7.223037939579864,20.990788814458472,28.837965723635612,Clay,Wheat,2.848706120762005
21.135611660881956,117.04309615385938,63.59786618773945,6.585513329639599,19.873144366315074,55.3500141087477,Clay,Rice,4.694738722040243
27.035261435622676,68.51033503270176,67.29464990025332,4.7842916813618706,12.400411178507497,83.55456615592445,Sandy,Corn,7.188074264292636
20.14171632729357,140.87688558137356,45.02338720684923,5.571073517539269,25.54204686173183,30.059614115989042,Sandy,Rice,2.821914125308765
18.101909176055347,149.21843690464863,84.34885035792081,5.995871326348336,24.962776631705463,45.732345434911664,Sandy,Corn,5.350827739761542
21.866413877050174,194.56170203536254,89.87055627625357,6.427142311158945,35.25937280254651,12.148139562312949,Loam,Rice,5.336159961346142
29.311967361913794,66.29517900281206,65.89370265822325,8.389278795503996,32.43890941620451,45.485970605448,Sandy,Rice,3.3180441794972557
29.765625226880434,107.28646039450825,83.85605352860458,6.738171306139629,18.070266289808632,59.640757289472255,Silt,Rice,5.290586469710551
27.565427100486467,37.53703890433038,51.462777019912,5.659228110101375,26.072737615741826,60.809588470359,Loam,Corn,9.9169911159312
28.625478934239986,116.59447469137628,48.04329650662529,6.720630804307163,26.285379789123144,51.16045595426145,Sandy,Wheat,3.0019243358608856
27.58089143557479,83.55399105499683,60.613871230933846,6.147912252546119,12.240177530381075,63.33895137138464,Silt,Rice,6.108833517089129
21.792592023885238,157.7033738447486,66.52411557551848,6.8247582395335415,20.190532729866305,88.19081803914187,Sandy,Soybean,3.4378975131579597
27.159612723369705,76.76155089944254,54.09019978135319,7.0805676870356145,22.291863693859106,75.68457031156399,Sandy,Soybean,2.196512311783093
29.002047626138413,49.32450886098215,68.06652285552725,7.709230647223938,44.33625019820946,42.16218605885545,Loam,Soybean,3.2773745272671997
28.771456649067872,85.8620877789244,64.59584223110122,6.475713504329974,31.914507159573525,28.23344020299892,Silt,Wheat,2.561983202293957
30.944566857373214,40.73536686348588,45.02539837063418,8.138960527599833,36.621687539475,43.907728751392945,Clay,Rice,3.9868381277311493
28.541519236005318,122.5329836352193,67.78189526177582,7.408022662536191,15.01364502850788,35.795258515739775,Sandy,Wheat,1.9017686685062167
26.757241037707914,38.04750861231038,72.95292363782282,5.792560455187812,41.94214483013992,56.77021321796949,Loam,Rice,6.049735082576844
30.350751191582138,100.85372743549476,62.57203976385586,8.709855665748464,43.01102063024093,32.28209690855753,Silt,Wheat,2.716900675498825
24.8673937037547,37.6656454043141,77.28972154892539,6.8269945132700975,10.016550328553741,48.90766351114487,Sandy,Rice,3.167161803598868
20.59062674386141,90.39106586390074,41.73894309754572,5.664875496027765,22.946832760841517,62.57021081804466,Clay,Soybean,3.133136463339368
24.18466518028118,149.30134467413603,67.01925633197777,8.152913051230422,34.9576557301551,48.48956190774234,Silt,Rice,4.677113712133723
21.275486775967757,110.81943674307385,42.44578940404838,8.577777585198444,36.44388453538182,35.80529265878305,Silt,Wheat,3.2282784065232817
